2026-04-14 16:17:53,844 [PID 34036] INFO No binary specified, looking for `pyre.bin` in PATH
2026-04-14 16:17:53,845 [PID 34036] INFO Pyre binary is located at `venv/bin/pyre.bin`
2026-04-14 16:17:53,845 [PID 34036] INFO Could not determine the number of Pyre workers from configuration. Auto-set the value to 7.
2026-04-14 16:17:53,845 [PID 34036] INFO No typeshed specified, looking for it...
2026-04-14 16:17:53,845 [PID 34036] INFO Found: `/home/nabal/personal_projects/clinic-backend/venv/lib/pyre_check/typeshed`
2026-04-14 16:17:53,845 [PID 34036] INFO Writing arguments into /tmp/pyre_arguments_dmy4liwl.json...
2026-04-14 16:17:53,845 [PID 34036] DEBUG Arguments:
{
  "source_paths": {
    "kind": "simple",
    "paths": [
      "/home/nabal/personal_projects/clinic-backend"
    ]
  },
  "search_paths": [
    "/home/nabal/personal_projects/clinic-backend",
    "/home/nabal/personal_projects/clinic-backend/venv/lib/python3.10/site-packages",
    "/home/nabal/personal_projects/clinic-backend/venv/lib/pyre_check/typeshed/stdlib",
    "/home/nabal/personal_projects/clinic-backend/venv/lib/pyre_check/typeshed/stubs/ExifRead",
    "/home/nabal/personal_projects/clinic-backend/venv/lib/pyre_check/typeshed/stubs/PyMySQL",
    "/home/nabal/personal_projects/clinic-backend/venv/lib/pyre_check/typeshed/stubs/PyYAML",
    "/home/nabal/personal_projects/clinic-backend/venv/lib/pyre_check/typeshed/stubs/aiofiles",
    "/home/nabal/personal_projects/clinic-backend/venv/lib/pyre_check/typeshed/stubs/chevron",
    "/home/nabal/personal_projects/clinic-backend/venv/lib/pyre_check/typeshed/stubs/colorama",
    "/home/nabal/personal_projects/clinic-backend/venv/lib/pyre_check/typeshed/stubs/ldap3",
    "/home/nabal/personal_projects/clinic-backend/venv/lib/pyre_check/typeshed/stubs/mysqlclient",
    "/home/nabal/personal_projects/clinic-backend/venv/lib/pyre_check/typeshed/stubs/paramiko",
    "/home/nabal/personal_projects/clinic-backend/venv/lib/pyre_check/typeshed/stubs/psycopg2",
    "/home/nabal/personal_projects/clinic-backend/venv/lib/pyre_check/typeshed/stubs/pycurl",
    "/home/nabal/personal_projects/clinic-backend/venv/lib/pyre_check/typeshed/stubs/python-dateutil",
    "/home/nabal/personal_projects/clinic-backend/venv/lib/pyre_check/typeshed/stubs/pytz",
    "/home/nabal/personal_projects/clinic-backend/venv/lib/pyre_check/typeshed/stubs/regex",
    "/home/nabal/personal_projects/clinic-backend/venv/lib/pyre_check/typeshed/stubs/requests",
    "/home/nabal/personal_projects/clinic-backend/venv/lib/pyre_check/typeshed/stubs/retry",
    "/home/nabal/personal_projects/clinic-backend/venv/lib/pyre_check/typeshed/stubs/tqdm",
    "/home/nabal/personal_projects/clinic-backend/venv/lib/pyre_check/typeshed/stubs/ujson"
  ],
  "excludes": [],
  "checked_directory_allowlist": [
    "/home/nabal/personal_projects/clinic-backend"
  ],
  "checked_directory_blocklist": [],
  "extensions": [],
  "log_path": "/home/nabal/personal_projects/clinic-backend/.pyre",
  "global_root": "/home/nabal/personal_projects/clinic-backend",
  "debug": false,
  "python_version": {
    "major": 3,
    "minor": 10,
    "micro": 12
  },
  "system_platform": "linux",
  "shared_memory": {},
  "parallel": true,
  "number_of_workers": 7,
  "additional_logging_sections": [
    "-progress"
  ],
  "show_error_traces": false,
  "strict": false
}
2026-04-14 16:17:53,867 [PID 34036] PERFORMANCE  Initialized shared memory (heap size: 8589934592, dep table pow: 1, hash table pow: 26): 0.001s
2026-04-14 16:17:53,867 [PID 34036] PERFORMANCE  Initialized multiprocessing workers (workers: 7): 0.001s
2026-04-14 16:17:53,867 [PID 34036] INFO  Building module tracker...
2026-04-14 16:17:54,082 [PID 34036] PERFORMANCE  Module tracker built: 0.210s
2026-04-14 16:17:54,082 [PID 34036] PERFORMANCE  Full environment built: 0.210s
2026-04-14 16:17:54,082 [PID 34036] INFO  Collecting all definitions...
2026-04-14 16:17:56,136 [PID 34036] WARNING  Parser error in module `venv.lib64.python3.10.site-packages.pip._vendor.pyparsing.unicode`: CPython runtime raised a non-syntax exception
2026-04-14 16:17:57,926 [PID 34036] WARNING  Parser error in module `venv.lib.python3.10.site-packages.setuptools._distutils.command.bdist_msi`: expected an indented block after 'if' statement on line 354
2026-04-14 16:17:58,434 [PID 34036] WARNING  Parser error in module `venv.lib.python3.10.site-packages.pip._vendor.pyparsing.unicode`: CPython runtime raised a non-syntax exception
2026-04-14 16:18:01,576 [PID 34036] WARNING  Parser error in module `venv.lib64.python3.10.site-packages.setuptools._distutils.command.bdist_msi`: expected an indented block after 'if' statement on line 354
2026-04-14 16:18:02,034 [PID 34036] PERFORMANCE  Collected definitions (defines: 128070): 7.959s
2026-04-14 16:18:02,035 [PID 34036] INFO  Checking 128070 functions...
2026-04-14 16:18:07,723 [PID 34036] WARNING  Found untracked type `type` when checking for attribute `__slots__` of `venv.lib64.python3.10.site-packages.yaml.YAMLObject`.
2026-04-14 16:18:07,724 [PID 34036] WARNING  Found untracked type `type` when checking for attribute `__slots__` of `venv.lib64.python3.10.site-packages.yaml.YAMLObject`.
2026-04-14 16:18:07,724 [PID 34036] WARNING  Found untracked type `type` when checking for attribute `__slots__` of `venv.lib64.python3.10.site-packages.yaml.YAMLObject`.
2026-04-14 16:18:07,724 [PID 34036] WARNING  Found untracked type `type` when checking for attribute `from_yaml` of `venv.lib64.python3.10.site-packages.yaml.YAMLObject`.
2026-04-14 16:18:07,724 [PID 34036] WARNING  Found untracked type `type` when checking for attribute `yaml_tag` of `venv.lib64.python3.10.site-packages.yaml.YAMLObject`.
2026-04-14 16:18:07,724 [PID 34036] WARNING  Found untracked type `type` when checking for attribute `yaml_flow_style` of `venv.lib64.python3.10.site-packages.yaml.YAMLObject`.
2026-04-14 16:18:07,724 [PID 34036] WARNING  Found untracked type `type` when checking for attribute `to_yaml` of `venv.lib64.python3.10.site-packages.yaml.YAMLObject`.
2026-04-14 16:18:08,415 [PID 34036] WARNING  Found untracked type `type` when checking for attribute `proxy_url` of `venv.lib64.python3.10.site-packages.urllib3.contrib.socks.SOCKSProxyManager`.
2026-04-14 16:18:08,415 [PID 34036] WARNING  Found untracked type `type` when checking for attribute `proxy_url` of `venv.lib64.python3.10.site-packages.urllib3.contrib.socks.SOCKSProxyManager`.
2026-04-14 16:18:08,415 [PID 34036] WARNING  Found untracked type `type` when checking for attribute `proxy_url` of `venv.lib64.python3.10.site-packages.urllib3.contrib.socks.SOCKSProxyManager`.
2026-04-14 16:18:08,456 [PID 34036] WARNING  Found untracked type `type` when checking for attribute `get` of `venv.lib.python3.10.site-packages.pip._vendor.rich.layout.Layout`.
2026-04-14 16:18:08,456 [PID 34036] WARNING  Found untracked type `type` when checking for attribute `__getitem__` of `venv.lib.python3.10.site-packages.pip._vendor.rich.layout.Layout`.
2026-04-14 16:18:08,457 [PID 34036] WARNING  Found untracked type `type` when checking for attribute `_renderable` of `venv.lib.python3.10.site-packages.pip._vendor.rich.layout.Layout`.
2026-04-14 16:18:08,467 [PID 34036] WARNING  Found untracked type `type` when checking for attribute `_renderable` of `venv.lib.python3.10.site-packages.pip._vendor.rich.layout.Layout`.
2026-04-14 16:18:08,467 [PID 34036] WARNING  Found untracked type `type` when checking for attribute `_renderable` of `venv.lib.python3.10.site-packages.pip._vendor.rich.layout.Layout`.
2026-04-14 16:18:08,467 [PID 34036] WARNING  Found untracked type `type` when checking for attribute `size` of `venv.lib.python3.10.site-packages.pip._vendor.rich.layout.Layout`.
2026-04-14 16:18:08,467 [PID 34036] WARNING  Found untracked type `type` when checking for attribute `size` of `venv.lib.python3.10.site-packages.pip._vendor.rich.layout.Layout`.
2026-04-14 16:18:08,478 [PID 34036] WARNING  Found untracked type `type` when checking for attribute `size` of `venv.lib.python3.10.site-packages.pip._vendor.rich.layout.Layout`.
2026-04-14 16:18:08,478 [PID 34036] WARNING  Found untracked type `type` when checking for attribute `minimum_size` of `venv.lib.python3.10.site-packages.pip._vendor.rich.layout.Layout`.
2026-04-14 16:18:08,478 [PID 34036] WARNING  Found untracked type `type` when checking for attribute `minimum_size` of `venv.lib.python3.10.site-packages.pip._vendor.rich.layout.Layout`.
2026-04-14 16:18:08,478 [PID 34036] WARNING  Found untracked type `type` when checking for attribute `minimum_size` of `venv.lib.python3.10.site-packages.pip._vendor.rich.layout.Layout`.
2026-04-14 16:18:08,489 [PID 34036] WARNING  Found untracked type `type` when checking for attribute `ratio` of `venv.lib.python3.10.site-packages.pip._vendor.rich.layout.Layout`.
2026-04-14 16:18:08,489 [PID 34036] WARNING  Found untracked type `type` when checking for attribute `ratio` of `venv.lib.python3.10.site-packages.pip._vendor.rich.layout.Layout`.
2026-04-14 16:18:08,489 [PID 34036] WARNING  Found untracked type `type` when checking for attribute `ratio` of `venv.lib.python3.10.site-packages.pip._vendor.rich.layout.Layout`.
2026-04-14 16:18:08,489 [PID 34036] WARNING  Found untracked type `type` when checking for attribute `name` of `venv.lib.python3.10.site-packages.pip._vendor.rich.layout.Layout`.
2026-04-14 16:18:08,500 [PID 34036] WARNING  Found untracked type `type` when checking for attribute `name` of `venv.lib.python3.10.site-packages.pip._vendor.rich.layout.Layout`.
2026-04-14 16:18:08,500 [PID 34036] WARNING  Found untracked type `type` when checking for attribute `name` of `venv.lib.python3.10.site-packages.pip._vendor.rich.layout.Layout`.
2026-04-14 16:18:08,500 [PID 34036] WARNING  Found untracked type `type` when checking for attribute `visible` of `venv.lib.python3.10.site-packages.pip._vendor.rich.layout.Layout`.
2026-04-14 16:18:08,500 [PID 34036] WARNING  Found untracked type `type` when checking for attribute `visible` of `venv.lib.python3.10.site-packages.pip._vendor.rich.layout.Layout`.
2026-04-14 16:18:08,511 [PID 34036] WARNING  Found untracked type `type` when checking for attribute `visible` of `venv.lib.python3.10.site-packages.pip._vendor.rich.layout.Layout`.
2026-04-14 16:18:08,511 [PID 34036] WARNING  Found untracked type `type` when checking for attribute `height` of `venv.lib.python3.10.site-packages.pip._vendor.rich.layout.Layout`.
2026-04-14 16:18:08,511 [PID 34036] WARNING  Found untracked type `type` when checking for attribute `height` of `venv.lib.python3.10.site-packages.pip._vendor.rich.layout.Layout`.
2026-04-14 16:18:08,522 [PID 34036] WARNING  Found untracked type `type` when checking for attribute `height` of `venv.lib.python3.10.site-packages.pip._vendor.rich.layout.Layout`.
2026-04-14 16:18:08,522 [PID 34036] WARNING  Found untracked type `type` when checking for attribute `splitters` of `venv.lib.python3.10.site-packages.pip._vendor.rich.layout.Layout`.
2026-04-14 16:18:08,522 [PID 34036] WARNING  Found untracked type `type` when checking for attribute `splitters` of `venv.lib.python3.10.site-packages.pip._vendor.rich.layout.Layout`.
2026-04-14 16:18:08,522 [PID 34036] WARNING  Found untracked type `type` when checking for attribute `splitter` of `venv.lib.python3.10.site-packages.pip._vendor.rich.layout.Layout`.
2026-04-14 16:18:08,533 [PID 34036] WARNING  Found untracked type `type` when checking for attribute `splitter` of `venv.lib.python3.10.site-packages.pip._vendor.rich.layout.Layout`.
2026-04-14 16:18:08,533 [PID 34036] WARNING  Found untracked type `type` when checking for attribute `splitter` of `venv.lib.python3.10.site-packages.pip._vendor.rich.layout.Layout`.
2026-04-14 16:18:08,533 [PID 34036] WARNING  Found untracked type `type` when checking for attribute `_children` of `venv.lib.python3.10.site-packages.pip._vendor.rich.layout.Layout`.
2026-04-14 16:18:08,533 [PID 34036] WARNING  Found untracked type `type` when checking for attribute `_children` of `venv.lib.python3.10.site-packages.pip._vendor.rich.layout.Layout`.
2026-04-14 16:18:08,544 [PID 34036] WARNING  Found untracked type `type` when checking for attribute `_children` of `venv.lib.python3.10.site-packages.pip._vendor.rich.layout.Layout`.
2026-04-14 16:18:08,544 [PID 34036] WARNING  Found untracked type `type` when checking for attribute `_render_map` of `venv.lib.python3.10.site-packages.pip._vendor.rich.layout.Layout`.
2026-04-14 16:18:08,544 [PID 34036] WARNING  Found untracked type `type` when checking for attribute `_render_map` of `venv.lib.python3.10.site-packages.pip._vendor.rich.layout.Layout`.
2026-04-14 16:18:08,544 [PID 34036] WARNING  Found untracked type `type` when checking for attribute `_render_map` of `venv.lib.python3.10.site-packages.pip._vendor.rich.layout.Layout`.
2026-04-14 16:18:08,554 [PID 34036] WARNING  Found untracked type `type` when checking for attribute `_lock` of `venv.lib.python3.10.site-packages.pip._vendor.rich.layout.Layout`.
2026-04-14 16:18:08,555 [PID 34036] WARNING  Found untracked type `type` when checking for attribute `_lock` of `venv.lib.python3.10.site-packages.pip._vendor.rich.layout.Layout`.
2026-04-14 16:18:08,555 [PID 34036] WARNING  Found untracked type `type` when checking for attribute `_lock` of `venv.lib.python3.10.site-packages.pip._vendor.rich.layout.Layout`.
2026-04-14 16:18:08,555 [PID 34036] WARNING  Found untracked type `type` when checking for attribute `__init__` of `venv.lib.python3.10.site-packages.pip._vendor.rich.layout.Layout`.
2026-04-14 16:18:08,565 [PID 34036] WARNING  Found untracked type `type` when checking for attribute `_lock` of `venv.lib.python3.10.site-packages.pip._vendor.rich.layout.Layout`.
2026-04-14 16:18:08,566 [PID 34036] WARNING  Found untracked type `type` when checking for attribute `render` of `venv.lib.python3.10.site-packages.pip._vendor.rich.layout.Layout`.
2026-04-14 16:18:08,566 [PID 34036] WARNING  Found untracked type `type` when checking for attribute `_render_map` of `venv.lib.python3.10.site-packages.pip._vendor.rich.layout.Layout`.
2026-04-14 16:18:08,576 [PID 34036] WARNING  Found untracked type `type` when checking for attribute `_render_map` of `venv.lib.python3.10.site-packages.pip._vendor.rich.layout.Layout`.
2026-04-14 16:18:08,576 [PID 34036] WARNING  Found untracked type `type` when checking for attribute `_render_map` of `venv.lib.python3.10.site-packages.pip._vendor.rich.layout.Layout`.
2026-04-14 16:18:08,587 [PID 34036] WARNING  Found untracked type `type` when checking for attribute `__rich_console__` of `venv.lib.python3.10.site-packages.pip._vendor.rich.layout.Layout`.
2026-04-14 16:18:08,587 [PID 34036] WARNING  Found untracked type `type` when checking for attribute `name` of `venv.lib.python3.10.site-packages.pip._vendor.rich.layout.Layout`.
2026-04-14 16:18:08,587 [PID 34036] WARNING  Found untracked type `type` when checking for attribute `size` of `venv.lib.python3.10.site-packages.pip._vendor.rich.layout.Layout`.
2026-04-14 16:18:08,587 [PID 34036] WARNING  Found untracked type `type` when checking for attribute `minimum_size` of `venv.lib.python3.10.site-packages.pip._vendor.rich.layout.Layout`.
2026-04-14 16:18:08,598 [PID 34036] WARNING  Found untracked type `type` when checking for attribute `ratio` of `venv.lib.python3.10.site-packages.pip._vendor.rich.layout.Layout`.
2026-04-14 16:18:08,598 [PID 34036] WARNING  Found untracked type `type` when checking for attribute `__rich_repr__` of `venv.lib.python3.10.site-packages.pip._vendor.rich.layout.Layout`.
2026-04-14 16:18:08,608 [PID 34036] WARNING  Found untracked type `type` when checking for attribute `_make_region_map` of `venv.lib.python3.10.site-packages.pip._vendor.rich.layout.Layout`.
2026-04-14 16:18:08,609 [PID 34036] WARNING  Found untracked type `type` when checking for attribute `_children` of `venv.lib.python3.10.site-packages.pip._vendor.rich.layout.Layout`.
2026-04-14 16:18:08,609 [PID 34036] WARNING  Found untracked type `type` when checking for attribute `add_split` of `venv.lib.python3.10.site-packages.pip._vendor.rich.layout.Layout`.
2026-04-14 16:18:08,619 [PID 34036] WARNING  Found untracked type `type` when checking for attribute `_children` of `venv.lib.python3.10.site-packages.pip._vendor.rich.layout.Layout`.
2026-04-14 16:18:08,619 [PID 34036] WARNING  Found untracked type `type` when checking for attribute `children` of `venv.lib.python3.10.site-packages.pip._vendor.rich.layout.Layout`.
2026-04-14 16:18:08,620 [PID 34036] WARNING  Found untracked type `type` when checking for attribute `name` of `venv.lib.python3.10.site-packages.pip._vendor.rich.layout.Layout`.
2026-04-14 16:18:08,630 [PID 34036] WARNING  Found untracked type `type` when checking for attribute `_children` of `venv.lib.python3.10.site-packages.pip._vendor.rich.layout.Layout`.
2026-04-14 16:18:08,630 [PID 34036] WARNING  Found untracked type `type` when checking for attribute `name` of `venv.lib.python3.10.site-packages.pip._vendor.rich.layout.Layout`.
2026-04-14 16:18:08,630 [PID 34036] WARNING  Found untracked type `type` when checking for attribute `name` of `venv.lib.python3.10.site-packages.pip._vendor.rich.layout.Layout`.
2026-04-14 16:18:08,641 [PID 34036] WARNING  Found untracked type `type` when checking for attribute `get` of `venv.lib.python3.10.site-packages.pip._vendor.rich.layout.Layout`.
2026-04-14 16:18:08,641 [PID 34036] WARNING  Found untracked type `type` when checking for attribute `_render_map` of `venv.lib.python3.10.site-packages.pip._vendor.rich.layout.Layout`.
2026-04-14 16:18:08,641 [PID 34036] WARNING  Found untracked type `type` when checking for attribute `map` of `venv.lib.python3.10.site-packages.pip._vendor.rich.layout.Layout`.
2026-04-14 16:18:08,641 [PID 34036] WARNING  Found untracked type `type` when checking for attribute `_lock` of `venv.lib.python3.10.site-packages.pip._vendor.rich.layout.Layout`.
2026-04-14 16:18:08,652 [PID 34036] WARNING  Found untracked type `type` when checking for attribute `__getitem__` of `venv.lib.python3.10.site-packages.pip._vendor.rich.layout.Layout`.
2026-04-14 16:18:08,652 [PID 34036] WARNING  Found untracked type `type` when checking for attribute `_render_map` of `venv.lib.python3.10.site-packages.pip._vendor.rich.layout.Layout`.
2026-04-14 16:18:08,652 [PID 34036] WARNING  Found untracked type `type` when checking for attribute `_render_map` of `venv.lib.python3.10.site-packages.pip._vendor.rich.layout.Layout`.
2026-04-14 16:18:08,662 [PID 34036] WARNING  Found untracked type `type` when checking for attribute `_render_map` of `venv.lib.python3.10.site-packages.pip._vendor.rich.layout.Layout`.
2026-04-14 16:18:08,663 [PID 34036] WARNING  Found untracked type `type` when checking for attribute `refresh_screen` of `venv.lib.python3.10.site-packages.pip._vendor.rich.layout.Layout`.
2026-04-14 16:18:08,673 [PID 34036] WARNING  Found untracked type `type` when checking for attribute `_make_region_map` of `venv.lib.python3.10.site-packages.pip._vendor.rich.layout.Layout`.
2026-04-14 16:18:08,673 [PID 34036] WARNING  Found untracked type `type` when checking for attribute `render` of `venv.lib.python3.10.site-packages.pip._vendor.rich.layout.Layout`.
2026-04-14 16:18:08,684 [PID 34036] WARNING  Found untracked type `type` when checking for attribute `_children` of `venv.lib.python3.10.site-packages.pip._vendor.rich.layout.Layout`.
2026-04-14 16:18:08,684 [PID 34036] WARNING  Found untracked type `type` when checking for attribute `_children` of `venv.lib.python3.10.site-packages.pip._vendor.rich.layout.Layout`.
2026-04-14 16:18:08,684 [PID 34036] WARNING  Found untracked type `type` when checking for attribute `_children` of `venv.lib.python3.10.site-packages.pip._vendor.rich.layout.Layout`.
2026-04-14 16:18:08,694 [PID 34036] WARNING  Found untracked type `type` when checking for attribute `_renderable` of `venv.lib.python3.10.site-packages.pip._vendor.rich.layout.Layout`.
2026-04-14 16:18:08,695 [PID 34036] WARNING  Found untracked type `type` when checking for attribute `renderable` of `venv.lib.python3.10.site-packages.pip._vendor.rich.layout.Layout`.
2026-04-14 16:18:08,695 [PID 34036] WARNING  Found untracked type `type` when checking for attribute `splitters` of `venv.lib.python3.10.site-packages.pip._vendor.rich.layout.Layout`.
2026-04-14 16:18:08,705 [PID 34036] WARNING  Found untracked type `type` when checking for attribute `splitters` of `venv.lib.python3.10.site-packages.pip._vendor.rich.layout.Layout`.
2026-04-14 16:18:08,706 [PID 34036] WARNING  Found untracked type `type` when checking for attribute `splitter` of `venv.lib.python3.10.site-packages.pip._vendor.rich.layout.Layout`.
2026-04-14 16:18:08,706 [PID 34036] WARNING  Found untracked type `type` when checking for attribute `splitter` of `venv.lib.python3.10.site-packages.pip._vendor.rich.layout.Layout`.
2026-04-14 16:18:08,706 [PID 34036] WARNING  Found untracked type `type` when checking for attribute `splitter` of `venv.lib.python3.10.site-packages.pip._vendor.rich.layout.Layout`.
2026-04-14 16:18:08,716 [PID 34036] WARNING  Found untracked type `type` when checking for attribute `_children` of `venv.lib.python3.10.site-packages.pip._vendor.rich.layout.Layout`.
2026-04-14 16:18:08,716 [PID 34036] WARNING  Found untracked type `type` when checking for attribute `split` of `venv.lib.python3.10.site-packages.pip._vendor.rich.layout.Layout`.
2026-04-14 16:18:08,727 [PID 34036] WARNING  Found untracked type `type` when checking for attribute `split` of `venv.lib.python3.10.site-packages.pip._vendor.rich.layout.Layout`.
2026-04-14 16:18:08,727 [PID 34036] WARNING  Found untracked type `type` when checking for attribute `split_column` of `venv.lib.python3.10.site-packages.pip._vendor.rich.layout.Layout`.
2026-04-14 16:18:08,727 [PID 34036] WARNING  Found untracked type `type` when checking for attribute `split` of `venv.lib.python3.10.site-packages.pip._vendor.rich.layout.Layout`.
2026-04-14 16:18:08,738 [PID 34036] WARNING  Found untracked type `type` when checking for attribute `split_row` of `venv.lib.python3.10.site-packages.pip._vendor.rich.layout.Layout`.
2026-04-14 16:18:08,738 [PID 34036] WARNING  Found untracked type `type` when checking for attribute `splitter` of `venv.lib.python3.10.site-packages.pip._vendor.rich.layout.Layout`.
2026-04-14 16:18:08,738 [PID 34036] WARNING  Found untracked type `type` when checking for attribute `tree` of `venv.lib.python3.10.site-packages.pip._vendor.rich.layout.Layout`.
2026-04-14 16:18:08,749 [PID 34036] WARNING  Found untracked type `type` when checking for attribute `_children` of `venv.lib.python3.10.site-packages.pip._vendor.rich.layout.Layout`.
2026-04-14 16:18:08,749 [PID 34036] WARNING  Found untracked type `type` when checking for attribute `splitter` of `venv.lib.python3.10.site-packages.pip._vendor.rich.layout.Layout`.
2026-04-14 16:18:08,760 [PID 34036] WARNING  Found untracked type `type` when checking for attribute `visible` of `venv.lib.python3.10.site-packages.pip._vendor.rich.layout.Layout`.
2026-04-14 16:18:08,760 [PID 34036] WARNING  Found untracked type `type` when checking for attribute `visible` of `venv.lib.python3.10.site-packages.pip._vendor.rich.layout.Layout`.
2026-04-14 16:18:08,760 [PID 34036] WARNING  Found untracked type `type` when checking for attribute `visible` of `venv.lib.python3.10.site-packages.pip._vendor.rich.layout.Layout`.
2026-04-14 16:18:08,771 [PID 34036] WARNING  Found untracked type `type` when checking for attribute `_children` of `venv.lib.python3.10.site-packages.pip._vendor.rich.layout.Layout`.
2026-04-14 16:18:08,771 [PID 34036] WARNING  Found untracked type `type` when checking for attribute `_children` of `venv.lib.python3.10.site-packages.pip._vendor.rich.layout.Layout`.
2026-04-14 16:18:08,771 [PID 34036] WARNING  Found untracked type `type` when checking for attribute `_children` of `venv.lib.python3.10.site-packages.pip._vendor.rich.layout.Layout`.
2026-04-14 16:18:08,782 [PID 34036] WARNING  Found untracked type `type` when checking for attribute `unsplit` of `venv.lib.python3.10.site-packages.pip._vendor.rich.layout.Layout`.
2026-04-14 16:18:08,782 [PID 34036] WARNING  Found untracked type `type` when checking for attribute `_lock` of `venv.lib.python3.10.site-packages.pip._vendor.rich.layout.Layout`.
2026-04-14 16:18:08,782 [PID 34036] WARNING  Found untracked type `type` when checking for attribute `_renderable` of `venv.lib.python3.10.site-packages.pip._vendor.rich.layout.Layout`.
2026-04-14 16:18:08,782 [PID 34036] WARNING  Found untracked type `type` when checking for attribute `_renderable` of `venv.lib.python3.10.site-packages.pip._vendor.rich.layout.Layout`.
2026-04-14 16:18:08,793 [PID 34036] WARNING  Found untracked type `type` when checking for attribute `_renderable` of `venv.lib.python3.10.site-packages.pip._vendor.rich.layout.Layout`.
2026-04-14 16:18:08,793 [PID 34036] WARNING  Found untracked type `type` when checking for attribute `update` of `venv.lib.python3.10.site-packages.pip._vendor.rich.layout.Layout`.
2026-04-14 16:18:08,824 [PID 34036] WARNING  Found untracked type `type` when checking for attribute `name` of `venv.lib.python3.10.site-packages.pip._vendor.rich.layout.Layout`.
2026-04-14 16:18:08,824 [PID 34036] WARNING  Found untracked type `type` when checking for attribute `name` of `venv.lib.python3.10.site-packages.pip._vendor.rich.layout.Layout`.
2026-04-14 16:18:08,834 [PID 34036] WARNING  Found untracked type `type` when checking for attribute `name` of `venv.lib.python3.10.site-packages.pip._vendor.rich.layout.Layout`.
2026-04-14 16:18:08,835 [PID 34036] WARNING  Found untracked type `type` when checking for attribute `name` of `venv.lib.python3.10.site-packages.pip._vendor.rich.layout.Layout`.
2026-04-14 16:18:09,080 [PID 34036] WARNING  Found untracked type `type` when checking for attribute `__slots__` of `venv.lib.python3.10.site-packages.yaml.YAMLObject`.
2026-04-14 16:18:09,081 [PID 34036] WARNING  Found untracked type `type` when checking for attribute `__slots__` of `venv.lib.python3.10.site-packages.yaml.YAMLObject`.
2026-04-14 16:18:09,081 [PID 34036] WARNING  Found untracked type `type` when checking for attribute `__slots__` of `venv.lib.python3.10.site-packages.yaml.YAMLObject`.
2026-04-14 16:18:09,081 [PID 34036] WARNING  Found untracked type `type` when checking for attribute `from_yaml` of `venv.lib.python3.10.site-packages.yaml.YAMLObject`.
2026-04-14 16:18:09,091 [PID 34036] WARNING  Found untracked type `type` when checking for attribute `yaml_tag` of `venv.lib.python3.10.site-packages.yaml.YAMLObject`.
2026-04-14 16:18:09,092 [PID 34036] WARNING  Found untracked type `type` when checking for attribute `yaml_flow_style` of `venv.lib.python3.10.site-packages.yaml.YAMLObject`.
2026-04-14 16:18:09,092 [PID 34036] WARNING  Found untracked type `type` when checking for attribute `to_yaml` of `venv.lib.python3.10.site-packages.yaml.YAMLObject`.
2026-04-14 16:18:12,942 [PID 34036] WARNING  Found untracked type `type` when checking for attribute `args` of `venv.lib64.python3.10.site-packages.testslide.cli.Cli`.
2026-04-14 16:18:12,942 [PID 34036] WARNING  Found untracked type `type` when checking for attribute `args` of `venv.lib64.python3.10.site-packages.testslide.cli.Cli`.
2026-04-14 16:18:12,942 [PID 34036] WARNING  Found untracked type `type` when checking for attribute `args` of `venv.lib64.python3.10.site-packages.testslide.cli.Cli`.
2026-04-14 16:18:12,942 [PID 34036] WARNING  Found untracked type `type` when checking for attribute `_default_trim_path_prefix` of `venv.lib64.python3.10.site-packages.testslide.cli.Cli`.
2026-04-14 16:18:12,943 [PID 34036] WARNING  Found untracked type `type` when checking for attribute `_default_trim_path_prefix` of `venv.lib64.python3.10.site-packages.testslide.cli.Cli`.
2026-04-14 16:18:12,943 [PID 34036] WARNING  Found untracked type `type` when checking for attribute `_default_trim_path_prefix` of `venv.lib64.python3.10.site-packages.testslide.cli.Cli`.
2026-04-14 16:18:12,943 [PID 34036] WARNING  Found untracked type `type` when checking for attribute `_build_parser` of `venv.lib64.python3.10.site-packages.testslide.cli.Cli`.
2026-04-14 16:18:12,943 [PID 34036] WARNING  Found untracked type `type` when checking for attribute `parser` of `venv.lib64.python3.10.site-packages.testslide.cli.Cli`.
2026-04-14 16:18:12,943 [PID 34036] WARNING  Found untracked type `type` when checking for attribute `parser` of `venv.lib64.python3.10.site-packages.testslide.cli.Cli`.
2026-04-14 16:18:12,943 [PID 34036] WARNING  Found untracked type `type` when checking for attribute `parser` of `venv.lib64.python3.10.site-packages.testslide.cli.Cli`.
2026-04-14 16:18:12,943 [PID 34036] WARNING  Found untracked type `type` when checking for attribute `_modules` of `venv.lib64.python3.10.site-packages.testslide.cli.Cli`.
2026-04-14 16:18:12,943 [PID 34036] WARNING  Found untracked type `type` when checking for attribute `_modules` of `venv.lib64.python3.10.site-packages.testslide.cli.Cli`.
2026-04-14 16:18:12,943 [PID 34036] WARNING  Found untracked type `type` when checking for attribute `_modules` of `venv.lib64.python3.10.site-packages.testslide.cli.Cli`.
2026-04-14 16:18:12,954 [PID 34036] WARNING  Found untracked type `type` when checking for attribute `__init__` of `venv.lib64.python3.10.site-packages.testslide.cli.Cli`.
2026-04-14 16:18:12,954 [PID 34036] WARNING  Found untracked type `type` when checking for attribute `FORMAT_NAME_TO_FORMATTER_CLASS` of `venv.lib64.python3.10.site-packages.testslide.cli.Cli`.
2026-04-14 16:18:12,954 [PID 34036] WARNING  Found untracked type `type` when checking for attribute `_regex_type` of `venv.lib64.python3.10.site-packages.testslide.cli.Cli`.
2026-04-14 16:18:12,954 [PID 34036] WARNING  Found untracked type `type` when checking for attribute `_regex_type` of `venv.lib64.python3.10.site-packages.testslide.cli.Cli`.
2026-04-14 16:18:12,955 [PID 34036] WARNING  Found untracked type `type` when checking for attribute `_default_trim_path_prefix` of `venv.lib64.python3.10.site-packages.testslide.cli.Cli`.
2026-04-14 16:18:12,955 [PID 34036] WARNING  Found untracked type `type` when checking for attribute `_default_trim_path_prefix` of `venv.lib64.python3.10.site-packages.testslide.cli.Cli`.
2026-04-14 16:18:12,955 [PID 34036] WARNING  Found untracked type `type` when checking for attribute `_build_parser` of `venv.lib64.python3.10.site-packages.testslide.cli.Cli`.
2026-04-14 16:18:12,955 [PID 34036] WARNING  Found untracked type `type` when checking for attribute `_do_imports` of `venv.lib64.python3.10.site-packages.testslide.cli.Cli`.
2026-04-14 16:18:12,955 [PID 34036] WARNING  Found untracked type `type` when checking for attribute `_modules` of `venv.lib64.python3.10.site-packages.testslide.cli.Cli`.
2026-04-14 16:18:12,955 [PID 34036] WARNING  Found untracked type `type` when checking for attribute `_modules` of `venv.lib64.python3.10.site-packages.testslide.cli.Cli`.
2026-04-14 16:18:12,955 [PID 34036] WARNING  Found untracked type `type` when checking for attribute `_modules` of `venv.lib64.python3.10.site-packages.testslide.cli.Cli`.
2026-04-14 16:18:12,955 [PID 34036] WARNING  Found untracked type `type` when checking for attribute `_modules` of `venv.lib64.python3.10.site-packages.testslide.cli.Cli`.
2026-04-14 16:18:12,955 [PID 34036] WARNING  Found untracked type `type` when checking for attribute `_get_config_from_parsed_args` of `venv.lib64.python3.10.site-packages.testslide.cli.Cli`.
2026-04-14 16:18:12,956 [PID 34036] WARNING  Found untracked type `type` when checking for attribute `_do_imports` of `venv.lib64.python3.10.site-packages.testslide.cli.Cli`.
2026-04-14 16:18:12,956 [PID 34036] WARNING  Found untracked type `type` when checking for attribute `_load_all_examples` of `venv.lib64.python3.10.site-packages.testslide.cli.Cli`.
2026-04-14 16:18:12,956 [PID 34036] WARNING  Found untracked type `type` when checking for attribute `_regex_type` of `venv.lib64.python3.10.site-packages.testslide.cli.Cli`.
2026-04-14 16:18:12,956 [PID 34036] WARNING  Found untracked type `type` when checking for attribute `parser` of `venv.lib64.python3.10.site-packages.testslide.cli.Cli`.
2026-04-14 16:18:12,956 [PID 34036] WARNING  Found untracked type `type` when checking for attribute `args` of `venv.lib64.python3.10.site-packages.testslide.cli.Cli`.
2026-04-14 16:18:12,956 [PID 34036] WARNING  Found untracked type `type` when checking for attribute `_get_config_from_parsed_args` of `venv.lib64.python3.10.site-packages.testslide.cli.Cli`.
2026-04-14 16:18:12,956 [PID 34036] WARNING  Found untracked type `type` when checking for attribute `_load_all_examples` of `venv.lib64.python3.10.site-packages.testslide.cli.Cli`.
2026-04-14 16:18:12,956 [PID 34036] WARNING  Found untracked type `type` when checking for attribute `FORMAT_NAME_TO_FORMATTER_CLASS` of `venv.lib64.python3.10.site-packages.testslide.cli.Cli`.
2026-04-14 16:18:12,956 [PID 34036] WARNING  Found untracked type `type` when checking for attribute `FORMAT_NAME_TO_FORMATTER_CLASS` of `venv.lib64.python3.10.site-packages.testslide.cli.Cli`.
2026-04-14 16:18:12,956 [PID 34036] WARNING  Found untracked type `type` when checking for attribute `_do_imports` of `venv.lib64.python3.10.site-packages.testslide.cli.Cli`.
2026-04-14 16:18:12,957 [PID 34036] WARNING  Found untracked type `type` when checking for attribute `run` of `venv.lib64.python3.10.site-packages.testslide.cli.Cli`.
2026-04-14 16:18:21,110 [PID 34036] WARNING  Found untracked type `type` when checking for attribute `_registry` of `venv.lib64.python3.10.site-packages.django.db.migrations.serializer.Serializer`.
2026-04-14 16:18:21,110 [PID 34036] WARNING  Found untracked type `type` when checking for attribute `register` of `venv.lib64.python3.10.site-packages.django.db.migrations.serializer.Serializer`.
2026-04-14 16:18:21,111 [PID 34036] WARNING  Found untracked type `type` when checking for attribute `_registry` of `venv.lib64.python3.10.site-packages.django.db.migrations.serializer.Serializer`.
2026-04-14 16:18:21,111 [PID 34036] WARNING  Found untracked type `type` when checking for attribute `unregister` of `venv.lib64.python3.10.site-packages.django.db.migrations.serializer.Serializer`.
2026-04-14 16:18:21,131 [PID 34036] WARNING  Found untracked type `type` when checking for attribute `_registry` of `venv.lib64.python3.10.site-packages.django.db.migrations.serializer.Serializer`.
2026-04-14 16:18:22,056 [PID 34036] WARNING  Found untracked type `dict` when checking for attribute `$class_toplevel` of `venv.lib.python3.10.site-packages.cloudinary.CloudinaryResource`.
2026-04-14 16:18:22,056 [PID 34036] WARNING  Found untracked type `dict` when checking for attribute `__init_subclass__` of `venv.lib.python3.10.site-packages.cloudinary.CloudinaryResource`.
2026-04-14 16:18:22,057 [PID 34036] WARNING  Found untracked type `dict` when checking for attribute `$class_toplevel` of `venv.lib.python3.10.site-packages.cloudinary.CloudinaryResource`.
2026-04-14 16:18:22,057 [PID 34036] WARNING  Found untracked type `dict` when checking for attribute `__init__` of `venv.lib.python3.10.site-packages.cloudinary.CloudinaryResource`.
2026-04-14 16:18:22,057 [PID 34036] WARNING  Found untracked type `dict` when checking for attribute `__init_subclass__` of `venv.lib.python3.10.site-packages.cloudinary.CloudinaryResource`.
2026-04-14 16:18:22,057 [PID 34036] WARNING  Found untracked type `dict` when checking for attribute `__init__` of `venv.lib.python3.10.site-packages.cloudinary.CloudinaryResource`.
2026-04-14 16:18:22,057 [PID 34036] WARNING  Found untracked type `dict` when checking for attribute `format` of `venv.lib.python3.10.site-packages.cloudinary.CloudinaryResource`.
2026-04-14 16:18:22,057 [PID 34036] WARNING  Found untracked type `dict` when checking for attribute `version` of `venv.lib.python3.10.site-packages.cloudinary.CloudinaryResource`.
2026-04-14 16:18:22,057 [PID 34036] WARNING  Found untracked type `dict` when checking for attribute `type` of `venv.lib.python3.10.site-packages.cloudinary.CloudinaryResource`.
2026-04-14 16:18:22,057 [PID 34036] WARNING  Found untracked type `dict` when checking for attribute `resource_type` of `venv.lib.python3.10.site-packages.cloudinary.CloudinaryResource`.
2026-04-14 16:18:22,058 [PID 34036] WARNING  Found untracked type `dict` when checking for attribute `resource_type` of `venv.lib.python3.10.site-packages.cloudinary.CloudinaryResource`.
2026-04-14 16:18:22,058 [PID 34036] WARNING  Found untracked type `dict` when checking for attribute `public_id` of `venv.lib.python3.10.site-packages.cloudinary.CloudinaryResource`.
2026-04-14 16:18:22,068 [PID 34036] WARNING  Found untracked type `dict` when checking for attribute `_CloudinaryResource__build_url` of `venv.lib.python3.10.site-packages.cloudinary.CloudinaryResource`.
2026-04-14 16:18:22,068 [PID 34036] WARNING  Found untracked type `dict` when checking for attribute `_CloudinaryResource__generate_media_attr` of `venv.lib.python3.10.site-packages.cloudinary.CloudinaryResource`.
2026-04-14 16:18:22,069 [PID 34036] WARNING  Found untracked type `dict` when checking for attribute `metadata` of `venv.lib.python3.10.site-packages.cloudinary.CloudinaryResource`.
2026-04-14 16:18:22,069 [PID 34036] WARNING  Found untracked type `dict` when checking for attribute `metadata` of `venv.lib.python3.10.site-packages.cloudinary.CloudinaryResource`.
2026-04-14 16:18:22,069 [PID 34036] WARNING  Found untracked type `dict` when checking for attribute `metadata` of `venv.lib.python3.10.site-packages.cloudinary.CloudinaryResource`.
2026-04-14 16:18:22,069 [PID 34036] WARNING  Found untracked type `dict` when checking for attribute `public_id` of `venv.lib.python3.10.site-packages.cloudinary.CloudinaryResource`.
2026-04-14 16:18:22,069 [PID 34036] WARNING  Found untracked type `dict` when checking for attribute `public_id` of `venv.lib.python3.10.site-packages.cloudinary.CloudinaryResource`.
2026-04-14 16:18:22,069 [PID 34036] WARNING  Found untracked type `dict` when checking for attribute `public_id` of `venv.lib.python3.10.site-packages.cloudinary.CloudinaryResource`.
2026-04-14 16:18:22,069 [PID 34036] WARNING  Found untracked type `dict` when checking for attribute `format` of `venv.lib.python3.10.site-packages.cloudinary.CloudinaryResource`.
2026-04-14 16:18:22,069 [PID 34036] WARNING  Found untracked type `dict` when checking for attribute `format` of `venv.lib.python3.10.site-packages.cloudinary.CloudinaryResource`.
2026-04-14 16:18:22,069 [PID 34036] WARNING  Found untracked type `dict` when checking for attribute `format` of `venv.lib.python3.10.site-packages.cloudinary.CloudinaryResource`.
2026-04-14 16:18:22,070 [PID 34036] WARNING  Found untracked type `dict` when checking for attribute `version` of `venv.lib.python3.10.site-packages.cloudinary.CloudinaryResource`.
2026-04-14 16:18:22,070 [PID 34036] WARNING  Found untracked type `dict` when checking for attribute `version` of `venv.lib.python3.10.site-packages.cloudinary.CloudinaryResource`.
2026-04-14 16:18:22,070 [PID 34036] WARNING  Found untracked type `dict` when checking for attribute `version` of `venv.lib.python3.10.site-packages.cloudinary.CloudinaryResource`.
2026-04-14 16:18:22,070 [PID 34036] WARNING  Found untracked type `dict` when checking for attribute `signature` of `venv.lib.python3.10.site-packages.cloudinary.CloudinaryResource`.
2026-04-14 16:18:22,070 [PID 34036] WARNING  Found untracked type `dict` when checking for attribute `signature` of `venv.lib.python3.10.site-packages.cloudinary.CloudinaryResource`.
2026-04-14 16:18:22,070 [PID 34036] WARNING  Found untracked type `dict` when checking for attribute `signature` of `venv.lib.python3.10.site-packages.cloudinary.CloudinaryResource`.
2026-04-14 16:18:22,070 [PID 34036] WARNING  Found untracked type `dict` when checking for attribute `type` of `venv.lib.python3.10.site-packages.cloudinary.CloudinaryResource`.
2026-04-14 16:18:22,070 [PID 34036] WARNING  Found untracked type `dict` when checking for attribute `type` of `venv.lib.python3.10.site-packages.cloudinary.CloudinaryResource`.
2026-04-14 16:18:22,070 [PID 34036] WARNING  Found untracked type `dict` when checking for attribute `type` of `venv.lib.python3.10.site-packages.cloudinary.CloudinaryResource`.
2026-04-14 16:18:22,070 [PID 34036] WARNING  Found untracked type `dict` when checking for attribute `resource_type` of `venv.lib.python3.10.site-packages.cloudinary.CloudinaryResource`.
2026-04-14 16:18:22,070 [PID 34036] WARNING  Found untracked type `dict` when checking for attribute `resource_type` of `venv.lib.python3.10.site-packages.cloudinary.CloudinaryResource`.
2026-04-14 16:18:22,071 [PID 34036] WARNING  Found untracked type `dict` when checking for attribute `resource_type` of `venv.lib.python3.10.site-packages.cloudinary.CloudinaryResource`.
2026-04-14 16:18:22,071 [PID 34036] WARNING  Found untracked type `dict` when checking for attribute `url_options` of `venv.lib.python3.10.site-packages.cloudinary.CloudinaryResource`.
2026-04-14 16:18:22,071 [PID 34036] WARNING  Found untracked type `dict` when checking for attribute `url_options` of `venv.lib.python3.10.site-packages.cloudinary.CloudinaryResource`.
2026-04-14 16:18:22,071 [PID 34036] WARNING  Found untracked type `dict` when checking for attribute `url_options` of `venv.lib.python3.10.site-packages.cloudinary.CloudinaryResource`.
2026-04-14 16:18:22,071 [PID 34036] WARNING  Found untracked type `dict` when checking for attribute `__init__` of `venv.lib.python3.10.site-packages.cloudinary.CloudinaryResource`.
2026-04-14 16:18:22,071 [PID 34036] WARNING  Found untracked type `dict` when checking for attribute `public_id` of `venv.lib.python3.10.site-packages.cloudinary.CloudinaryResource`.
2026-04-14 16:18:22,071 [PID 34036] WARNING  Found untracked type `dict` when checking for attribute `public_id` of `venv.lib.python3.10.site-packages.cloudinary.CloudinaryResource`.
2026-04-14 16:18:22,071 [PID 34036] WARNING  Found untracked type `dict` when checking for attribute `public_id` of `venv.lib.python3.10.site-packages.cloudinary.CloudinaryResource`.
2026-04-14 16:18:22,071 [PID 34036] WARNING  Found untracked type `dict` when checking for attribute `public_id` of `venv.lib.python3.10.site-packages.cloudinary.CloudinaryResource`.
2026-04-14 16:18:22,071 [PID 34036] WARNING  Found untracked type `dict` when checking for attribute `__len__` of `venv.lib.python3.10.site-packages.cloudinary.CloudinaryResource`.
2026-04-14 16:18:22,071 [PID 34036] WARNING  Found untracked type `dict` when checking for attribute `public_id` of `venv.lib.python3.10.site-packages.cloudinary.CloudinaryResource`.
2026-04-14 16:18:22,072 [PID 34036] WARNING  Found untracked type `dict` when checking for attribute `__str__` of `venv.lib.python3.10.site-packages.cloudinary.CloudinaryResource`.
2026-04-14 16:18:22,072 [PID 34036] WARNING  Found untracked type `dict` when checking for attribute `_collect_video_tag_attributes` of `venv.lib.python3.10.site-packages.cloudinary.CloudinaryResource`.
2026-04-14 16:18:22,072 [PID 34036] WARNING  Found untracked type `dict` when checking for attribute `public_id` of `venv.lib.python3.10.site-packages.cloudinary.CloudinaryResource`.
2026-04-14 16:18:22,072 [PID 34036] WARNING  Found untracked type `dict` when checking for attribute `_fetch_breakpoints` of `venv.lib.python3.10.site-packages.cloudinary.CloudinaryResource`.
2026-04-14 16:18:22,072 [PID 34036] WARNING  Found untracked type `dict` when checking for attribute `_validate_srcset_data` of `venv.lib.python3.10.site-packages.cloudinary.CloudinaryResource`.
2026-04-14 16:18:22,072 [PID 34036] WARNING  Found untracked type `dict` when checking for attribute `_validate_srcset_data` of `venv.lib.python3.10.site-packages.cloudinary.CloudinaryResource`.
2026-04-14 16:18:22,072 [PID 34036] WARNING  Found untracked type `dict` when checking for attribute `_validate_srcset_data` of `venv.lib.python3.10.site-packages.cloudinary.CloudinaryResource`.
2026-04-14 16:18:22,072 [PID 34036] WARNING  Found untracked type `dict` when checking for attribute `_validate_srcset_data` of `venv.lib.python3.10.site-packages.cloudinary.CloudinaryResource`.
2026-04-14 16:18:22,072 [PID 34036] WARNING  Found untracked type `dict` when checking for attribute `_generate_breakpoints` of `venv.lib.python3.10.site-packages.cloudinary.CloudinaryResource`.
2026-04-14 16:18:22,072 [PID 34036] WARNING  Found untracked type `dict` when checking for attribute `_get_or_generate_breakpoints` of `venv.lib.python3.10.site-packages.cloudinary.CloudinaryResource`.
2026-04-14 16:18:22,073 [PID 34036] WARNING  Found untracked type `dict` when checking for attribute `_generate_srcset_attribute` of `venv.lib.python3.10.site-packages.cloudinary.CloudinaryResource`.
2026-04-14 16:18:22,073 [PID 34036] WARNING  Found untracked type `dict` when checking for attribute `_get_or_generate_breakpoints` of `venv.lib.python3.10.site-packages.cloudinary.CloudinaryResource`.
2026-04-14 16:18:22,073 [PID 34036] WARNING  Found untracked type `dict` when checking for attribute `_generate_sizes_attribute` of `venv.lib.python3.10.site-packages.cloudinary.CloudinaryResource`.
2026-04-14 16:18:22,073 [PID 34036] WARNING  Found untracked type `dict` when checking for attribute `_generate_image_responsive_attributes` of `venv.lib.python3.10.site-packages.cloudinary.CloudinaryResource`.
2026-04-14 16:18:22,073 [PID 34036] WARNING  Found untracked type `dict` when checking for attribute `_generate_sizes_attribute` of `venv.lib.python3.10.site-packages.cloudinary.CloudinaryResource`.
2026-04-14 16:18:22,073 [PID 34036] WARNING  Found untracked type `dict` when checking for attribute `public_id` of `venv.lib.python3.10.site-packages.cloudinary.CloudinaryResource`.
2026-04-14 16:18:22,073 [PID 34036] WARNING  Found untracked type `dict` when checking for attribute `_generate_srcset_attribute` of `venv.lib.python3.10.site-packages.cloudinary.CloudinaryResource`.
2026-04-14 16:18:22,084 [PID 34036] WARNING  Found untracked type `dict` when checking for attribute `video_thumbnail` of `venv.lib.python3.10.site-packages.cloudinary.CloudinaryResource`.
2026-04-14 16:18:22,084 [PID 34036] WARNING  Found untracked type `dict` when checking for attribute `video_thumbnail` of `venv.lib.python3.10.site-packages.cloudinary.CloudinaryResource`.
2026-04-14 16:18:22,084 [PID 34036] WARNING  Found untracked type `dict` when checking for attribute `_generate_video_poster_attr` of `venv.lib.python3.10.site-packages.cloudinary.CloudinaryResource`.
2026-04-14 16:18:22,084 [PID 34036] WARNING  Found untracked type `dict` when checking for attribute `public_id` of `venv.lib.python3.10.site-packages.cloudinary.CloudinaryResource`.
2026-04-14 16:18:22,084 [PID 34036] WARNING  Found untracked type `dict` when checking for attribute `_fetch_breakpoints` of `venv.lib.python3.10.site-packages.cloudinary.CloudinaryResource`.
2026-04-14 16:18:22,084 [PID 34036] WARNING  Found untracked type `dict` when checking for attribute `public_id` of `venv.lib.python3.10.site-packages.cloudinary.CloudinaryResource`.
2026-04-14 16:18:22,085 [PID 34036] WARNING  Found untracked type `dict` when checking for attribute `_generate_breakpoints` of `venv.lib.python3.10.site-packages.cloudinary.CloudinaryResource`.
2026-04-14 16:18:22,085 [PID 34036] WARNING  Found untracked type `dict` when checking for attribute `_get_or_generate_breakpoints` of `venv.lib.python3.10.site-packages.cloudinary.CloudinaryResource`.
2026-04-14 16:18:22,085 [PID 34036] WARNING  Found untracked type `dict` when checking for attribute `default_source_types` of `venv.lib.python3.10.site-packages.cloudinary.CloudinaryResource`.
2026-04-14 16:18:22,085 [PID 34036] WARNING  Found untracked type `dict` when checking for attribute `_video_mime_type` of `venv.lib.python3.10.site-packages.cloudinary.CloudinaryResource`.
2026-04-14 16:18:22,085 [PID 34036] WARNING  Found untracked type `dict` when checking for attribute `_video_mime_type` of `venv.lib.python3.10.site-packages.cloudinary.CloudinaryResource`.
2026-04-14 16:18:22,085 [PID 34036] WARNING  Found untracked type `dict` when checking for attribute `_populate_video_source_tags` of `venv.lib.python3.10.site-packages.cloudinary.CloudinaryResource`.
2026-04-14 16:18:22,085 [PID 34036] WARNING  Found untracked type `dict` when checking for attribute `_validate_srcset_data` of `venv.lib.python3.10.site-packages.cloudinary.CloudinaryResource`.
2026-04-14 16:18:22,085 [PID 34036] WARNING  Found untracked type `dict` when checking for attribute `_video_mime_type` of `venv.lib.python3.10.site-packages.cloudinary.CloudinaryResource`.
2026-04-14 16:18:22,085 [PID 34036] WARNING  Found untracked type `dict` when checking for attribute `_CloudinaryResource__build_url` of `venv.lib.python3.10.site-packages.cloudinary.CloudinaryResource`.
2026-04-14 16:18:22,085 [PID 34036] WARNING  Found untracked type `dict` when checking for attribute `_CloudinaryResource__build_url` of `venv.lib.python3.10.site-packages.cloudinary.CloudinaryResource`.
2026-04-14 16:18:22,086 [PID 34036] WARNING  Found untracked type `dict` when checking for attribute `build_url` of `venv.lib.python3.10.site-packages.cloudinary.CloudinaryResource`.
2026-04-14 16:18:22,086 [PID 34036] WARNING  Found untracked type `dict` when checking for attribute `default_poster_options` of `venv.lib.python3.10.site-packages.cloudinary.CloudinaryResource`.
2026-04-14 16:18:22,086 [PID 34036] WARNING  Found untracked type `dict` when checking for attribute `default_source_types` of `venv.lib.python3.10.site-packages.cloudinary.CloudinaryResource`.
2026-04-14 16:18:22,086 [PID 34036] WARNING  Found untracked type `dict` when checking for attribute `public_id` of `venv.lib.python3.10.site-packages.cloudinary.CloudinaryResource`.
2026-04-14 16:18:22,086 [PID 34036] WARNING  Found untracked type `dict` when checking for attribute `version` of `venv.lib.python3.10.site-packages.cloudinary.CloudinaryResource`.
2026-04-14 16:18:22,086 [PID 34036] WARNING  Found untracked type `dict` when checking for attribute `get_expected_signature` of `venv.lib.python3.10.site-packages.cloudinary.CloudinaryResource`.
2026-04-14 16:18:22,086 [PID 34036] WARNING  Found untracked type `dict` when checking for attribute `public_id` of `venv.lib.python3.10.site-packages.cloudinary.CloudinaryResource`.
2026-04-14 16:18:22,086 [PID 34036] WARNING  Found untracked type `dict` when checking for attribute `type` of `venv.lib.python3.10.site-packages.cloudinary.CloudinaryResource`.
2026-04-14 16:18:22,086 [PID 34036] WARNING  Found untracked type `dict` when checking for attribute `resource_type` of `venv.lib.python3.10.site-packages.cloudinary.CloudinaryResource`.
2026-04-14 16:18:22,087 [PID 34036] WARNING  Found untracked type `dict` when checking for attribute `public_id` of `venv.lib.python3.10.site-packages.cloudinary.CloudinaryResource`.
2026-04-14 16:18:22,087 [PID 34036] WARNING  Found untracked type `dict` when checking for attribute `type` of `venv.lib.python3.10.site-packages.cloudinary.CloudinaryResource`.
2026-04-14 16:18:22,087 [PID 34036] WARNING  Found untracked type `dict` when checking for attribute `resource_type` of `venv.lib.python3.10.site-packages.cloudinary.CloudinaryResource`.
2026-04-14 16:18:22,087 [PID 34036] WARNING  Found untracked type `dict` when checking for attribute `public_id` of `venv.lib.python3.10.site-packages.cloudinary.CloudinaryResource`.
2026-04-14 16:18:22,087 [PID 34036] WARNING  Found untracked type `dict` when checking for attribute `type` of `venv.lib.python3.10.site-packages.cloudinary.CloudinaryResource`.
2026-04-14 16:18:22,087 [PID 34036] WARNING  Found untracked type `dict` when checking for attribute `resource_type` of `venv.lib.python3.10.site-packages.cloudinary.CloudinaryResource`.
2026-04-14 16:18:22,087 [PID 34036] WARNING  Found untracked type `dict` when checking for attribute `resource_type` of `venv.lib.python3.10.site-packages.cloudinary.CloudinaryResource`.
2026-04-14 16:18:22,087 [PID 34036] WARNING  Found untracked type `dict` when checking for attribute `type` of `venv.lib.python3.10.site-packages.cloudinary.CloudinaryResource`.
2026-04-14 16:18:22,087 [PID 34036] WARNING  Found untracked type `dict` when checking for attribute `version` of `venv.lib.python3.10.site-packages.cloudinary.CloudinaryResource`.
2026-04-14 16:18:22,087 [PID 34036] WARNING  Found untracked type `dict` when checking for attribute `version` of `venv.lib.python3.10.site-packages.cloudinary.CloudinaryResource`.
2026-04-14 16:18:22,088 [PID 34036] WARNING  Found untracked type `dict` when checking for attribute `version` of `venv.lib.python3.10.site-packages.cloudinary.CloudinaryResource`.
2026-04-14 16:18:22,088 [PID 34036] WARNING  Found untracked type `dict` when checking for attribute `version` of `venv.lib.python3.10.site-packages.cloudinary.CloudinaryResource`.
2026-04-14 16:18:22,088 [PID 34036] WARNING  Found untracked type `dict` when checking for attribute `version` of `venv.lib.python3.10.site-packages.cloudinary.CloudinaryResource`.
2026-04-14 16:18:22,098 [PID 34036] WARNING  Found untracked type `dict` when checking for attribute `version` of `venv.lib.python3.10.site-packages.cloudinary.CloudinaryResource`.
2026-04-14 16:18:22,099 [PID 34036] WARNING  Found untracked type `dict` when checking for attribute `public_id` of `venv.lib.python3.10.site-packages.cloudinary.CloudinaryResource`.
2026-04-14 16:18:22,099 [PID 34036] WARNING  Found untracked type `dict` when checking for attribute `format` of `venv.lib.python3.10.site-packages.cloudinary.CloudinaryResource`.
2026-04-14 16:18:22,099 [PID 34036] WARNING  Found untracked type `dict` when checking for attribute `format` of `venv.lib.python3.10.site-packages.cloudinary.CloudinaryResource`.
2026-04-14 16:18:22,099 [PID 34036] WARNING  Found untracked type `dict` when checking for attribute `format` of `venv.lib.python3.10.site-packages.cloudinary.CloudinaryResource`.
2026-04-14 16:18:22,099 [PID 34036] WARNING  Found untracked type `dict` when checking for attribute `format` of `venv.lib.python3.10.site-packages.cloudinary.CloudinaryResource`.
2026-04-14 16:18:22,099 [PID 34036] WARNING  Found untracked type `dict` when checking for attribute `format` of `venv.lib.python3.10.site-packages.cloudinary.CloudinaryResource`.
2026-04-14 16:18:22,099 [PID 34036] WARNING  Found untracked type `dict` when checking for attribute `public_id` of `venv.lib.python3.10.site-packages.cloudinary.CloudinaryResource`.
2026-04-14 16:18:22,099 [PID 34036] WARNING  Found untracked type `dict` when checking for attribute `type` of `venv.lib.python3.10.site-packages.cloudinary.CloudinaryResource`.
2026-04-14 16:18:22,099 [PID 34036] WARNING  Found untracked type `dict` when checking for attribute `resource_type` of `venv.lib.python3.10.site-packages.cloudinary.CloudinaryResource`.
2026-04-14 16:18:22,099 [PID 34036] WARNING  Found untracked type `dict` when checking for attribute `public_id` of `venv.lib.python3.10.site-packages.cloudinary.CloudinaryResource`.
2026-04-14 16:18:22,100 [PID 34036] WARNING  Found untracked type `dict` when checking for attribute `type` of `venv.lib.python3.10.site-packages.cloudinary.CloudinaryResource`.
2026-04-14 16:18:22,100 [PID 34036] WARNING  Found untracked type `dict` when checking for attribute `resource_type` of `venv.lib.python3.10.site-packages.cloudinary.CloudinaryResource`.
2026-04-14 16:18:22,100 [PID 34036] WARNING  Found untracked type `dict` when checking for attribute `public_id` of `venv.lib.python3.10.site-packages.cloudinary.CloudinaryResource`.
2026-04-14 16:18:22,100 [PID 34036] WARNING  Found untracked type `dict` when checking for attribute `type` of `venv.lib.python3.10.site-packages.cloudinary.CloudinaryResource`.
2026-04-14 16:18:22,100 [PID 34036] WARNING  Found untracked type `dict` when checking for attribute `resource_type` of `venv.lib.python3.10.site-packages.cloudinary.CloudinaryResource`.
2026-04-14 16:18:22,100 [PID 34036] WARNING  Found untracked type `dict` when checking for attribute `get_prep_value` of `venv.lib.python3.10.site-packages.cloudinary.CloudinaryResource`.
2026-04-14 16:18:22,100 [PID 34036] WARNING  Found untracked type `dict` when checking for attribute `get_prep_value` of `venv.lib.python3.10.site-packages.cloudinary.CloudinaryResource`.
2026-04-14 16:18:22,100 [PID 34036] WARNING  Found untracked type `dict` when checking for attribute `get_expected_signature` of `venv.lib.python3.10.site-packages.cloudinary.CloudinaryResource`.
2026-04-14 16:18:22,100 [PID 34036] WARNING  Found untracked type `dict` when checking for attribute `get_presigned` of `venv.lib.python3.10.site-packages.cloudinary.CloudinaryResource`.
2026-04-14 16:18:22,100 [PID 34036] WARNING  Found untracked type `dict` when checking for attribute `resource_type` of `venv.lib.python3.10.site-packages.cloudinary.CloudinaryResource`.
2026-04-14 16:18:22,101 [PID 34036] WARNING  Found untracked type `dict` when checking for attribute `resource_type` of `venv.lib.python3.10.site-packages.cloudinary.CloudinaryResource`.
2026-04-14 16:18:22,101 [PID 34036] WARNING  Found untracked type `dict` when checking for attribute `resource_type` of `venv.lib.python3.10.site-packages.cloudinary.CloudinaryResource`.
2026-04-14 16:18:22,101 [PID 34036] WARNING  Found untracked type `dict` when checking for attribute `default_poster_options` of `venv.lib.python3.10.site-packages.cloudinary.CloudinaryResource`.
2026-04-14 16:18:22,101 [PID 34036] WARNING  Found untracked type `dict` when checking for attribute `_CloudinaryResource__build_url` of `venv.lib.python3.10.site-packages.cloudinary.CloudinaryResource`.
2026-04-14 16:18:22,101 [PID 34036] WARNING  Found untracked type `dict` when checking for attribute `_generate_image_responsive_attributes` of `venv.lib.python3.10.site-packages.cloudinary.CloudinaryResource`.
2026-04-14 16:18:22,101 [PID 34036] WARNING  Found untracked type `dict` when checking for attribute `image` of `venv.lib.python3.10.site-packages.cloudinary.CloudinaryResource`.
2026-04-14 16:18:22,101 [PID 34036] WARNING  Found untracked type `dict` when checking for attribute `source` of `venv.lib.python3.10.site-packages.cloudinary.CloudinaryResource`.
2026-04-14 16:18:22,101 [PID 34036] WARNING  Found untracked type `dict` when checking for attribute `image` of `venv.lib.python3.10.site-packages.cloudinary.CloudinaryResource`.
2026-04-14 16:18:22,101 [PID 34036] WARNING  Found untracked type `dict` when checking for attribute `picture` of `venv.lib.python3.10.site-packages.cloudinary.CloudinaryResource`.
2026-04-14 16:18:22,101 [PID 34036] WARNING  Found untracked type `dict` when checking for attribute `_generate_image_responsive_attributes` of `venv.lib.python3.10.site-packages.cloudinary.CloudinaryResource`.
2026-04-14 16:18:22,102 [PID 34036] WARNING  Found untracked type `dict` when checking for attribute `_CloudinaryResource__build_url` of `venv.lib.python3.10.site-packages.cloudinary.CloudinaryResource`.
2026-04-14 16:18:22,102 [PID 34036] WARNING  Found untracked type `dict` when checking for attribute `_CloudinaryResource__generate_media_attr` of `venv.lib.python3.10.site-packages.cloudinary.CloudinaryResource`.
2026-04-14 16:18:22,102 [PID 34036] WARNING  Found untracked type `dict` when checking for attribute `source` of `venv.lib.python3.10.site-packages.cloudinary.CloudinaryResource`.
2026-04-14 16:18:22,102 [PID 34036] WARNING  Found untracked type `dict` when checking for attribute `build_url` of `venv.lib.python3.10.site-packages.cloudinary.CloudinaryResource`.
2026-04-14 16:18:22,102 [PID 34036] WARNING  Found untracked type `dict` when checking for attribute `url_options` of `venv.lib.python3.10.site-packages.cloudinary.CloudinaryResource`.
2026-04-14 16:18:22,102 [PID 34036] WARNING  Found untracked type `dict` when checking for attribute `url` of `venv.lib.python3.10.site-packages.cloudinary.CloudinaryResource`.
2026-04-14 16:18:22,102 [PID 34036] WARNING  Found untracked type `dict` when checking for attribute `signature` of `venv.lib.python3.10.site-packages.cloudinary.CloudinaryResource`.
2026-04-14 16:18:22,102 [PID 34036] WARNING  Found untracked type `dict` when checking for attribute `get_expected_signature` of `venv.lib.python3.10.site-packages.cloudinary.CloudinaryResource`.
2026-04-14 16:18:22,102 [PID 34036] WARNING  Found untracked type `dict` when checking for attribute `validate` of `venv.lib.python3.10.site-packages.cloudinary.CloudinaryResource`.
2026-04-14 16:18:22,103 [PID 34036] WARNING  Found untracked type `dict` when checking for attribute `public_id` of `venv.lib.python3.10.site-packages.cloudinary.CloudinaryResource`.
2026-04-14 16:18:22,103 [PID 34036] WARNING  Found untracked type `dict` when checking for attribute `default_source_types` of `venv.lib.python3.10.site-packages.cloudinary.CloudinaryResource`.
2026-04-14 16:18:22,103 [PID 34036] WARNING  Found untracked type `dict` when checking for attribute `_generate_video_poster_attr` of `venv.lib.python3.10.site-packages.cloudinary.CloudinaryResource`.
2026-04-14 16:18:22,103 [PID 34036] WARNING  Found untracked type `dict` when checking for attribute `resource_type` of `venv.lib.python3.10.site-packages.cloudinary.CloudinaryResource`.
2026-04-14 16:18:22,103 [PID 34036] WARNING  Found untracked type `dict` when checking for attribute `resource_type` of `venv.lib.python3.10.site-packages.cloudinary.CloudinaryResource`.
2026-04-14 16:18:22,103 [PID 34036] WARNING  Found untracked type `dict` when checking for attribute `_populate_video_source_tags` of `venv.lib.python3.10.site-packages.cloudinary.CloudinaryResource`.
2026-04-14 16:18:22,103 [PID 34036] WARNING  Found untracked type `dict` when checking for attribute `_collect_video_tag_attributes` of `venv.lib.python3.10.site-packages.cloudinary.CloudinaryResource`.
2026-04-14 16:18:22,114 [PID 34036] WARNING  Found untracked type `dict` when checking for attribute `video` of `venv.lib.python3.10.site-packages.cloudinary.CloudinaryResource`.
2026-04-14 16:18:22,114 [PID 34036] WARNING  Found untracked type `dict` when checking for attribute `default_poster_options` of `venv.lib.python3.10.site-packages.cloudinary.CloudinaryResource`.
2026-04-14 16:18:22,114 [PID 34036] WARNING  Found untracked type `dict` when checking for attribute `build_url` of `venv.lib.python3.10.site-packages.cloudinary.CloudinaryResource`.
2026-04-14 16:18:22,114 [PID 34036] WARNING  Found untracked type `dict` when checking for attribute `video_thumbnail` of `venv.lib.python3.10.site-packages.cloudinary.CloudinaryResource`.
2026-04-14 16:18:22,115 [PID 34036] WARNING  Found untracked type `dict` when checking for attribute `$class_toplevel` of `venv.lib.python3.10.site-packages.cloudinary.CloudinaryResource`.
2026-04-14 16:18:22,115 [PID 34036] WARNING  Found untracked type `dict` when checking for attribute `__init_subclass__` of `venv.lib.python3.10.site-packages.cloudinary.CloudinaryResource`.
2026-04-14 16:18:22,115 [PID 34036] WARNING  Found untracked type `dict` when checking for attribute `$class_toplevel` of `venv.lib.python3.10.site-packages.cloudinary.CloudinaryResource`.
2026-04-14 16:18:22,115 [PID 34036] WARNING  Found untracked type `dict` when checking for attribute `__init__` of `venv.lib.python3.10.site-packages.cloudinary.CloudinaryResource`.
2026-04-14 16:18:22,115 [PID 34036] WARNING  Found untracked type `dict` when checking for attribute `__init_subclass__` of `venv.lib.python3.10.site-packages.cloudinary.CloudinaryResource`.
2026-04-14 16:18:22,115 [PID 34036] WARNING  Found untracked type `dict` when checking for attribute `__init__` of `venv.lib.python3.10.site-packages.cloudinary.CloudinaryResource`.
2026-04-14 16:18:24,963 [PID 34036] WARNING  Found untracked type `type` when checking for attribute `proxy_url` of `venv.lib.python3.10.site-packages.pip._vendor.urllib3.contrib.socks.SOCKSProxyManager`.
2026-04-14 16:18:24,964 [PID 34036] WARNING  Found untracked type `type` when checking for attribute `proxy_url` of `venv.lib.python3.10.site-packages.pip._vendor.urllib3.contrib.socks.SOCKSProxyManager`.
2026-04-14 16:18:24,964 [PID 34036] WARNING  Found untracked type `type` when checking for attribute `proxy_url` of `venv.lib.python3.10.site-packages.pip._vendor.urllib3.contrib.socks.SOCKSProxyManager`.
2026-04-14 16:18:25,045 [PID 34036] WARNING  Found untracked type `type` when checking for attribute `get` of `venv.lib64.python3.10.site-packages.pip._vendor.rich.layout.Layout`.
2026-04-14 16:18:25,046 [PID 34036] WARNING  Found untracked type `type` when checking for attribute `__getitem__` of `venv.lib64.python3.10.site-packages.pip._vendor.rich.layout.Layout`.
2026-04-14 16:18:25,056 [PID 34036] WARNING  Found untracked type `type` when checking for attribute `_renderable` of `venv.lib64.python3.10.site-packages.pip._vendor.rich.layout.Layout`.
2026-04-14 16:18:25,056 [PID 34036] WARNING  Found untracked type `type` when checking for attribute `_renderable` of `venv.lib64.python3.10.site-packages.pip._vendor.rich.layout.Layout`.
2026-04-14 16:18:25,056 [PID 34036] WARNING  Found untracked type `type` when checking for attribute `_renderable` of `venv.lib64.python3.10.site-packages.pip._vendor.rich.layout.Layout`.
2026-04-14 16:18:25,057 [PID 34036] WARNING  Found untracked type `type` when checking for attribute `size` of `venv.lib64.python3.10.site-packages.pip._vendor.rich.layout.Layout`.
2026-04-14 16:18:25,057 [PID 34036] WARNING  Found untracked type `type` when checking for attribute `size` of `venv.lib64.python3.10.site-packages.pip._vendor.rich.layout.Layout`.
2026-04-14 16:18:25,057 [PID 34036] WARNING  Found untracked type `type` when checking for attribute `size` of `venv.lib64.python3.10.site-packages.pip._vendor.rich.layout.Layout`.
2026-04-14 16:18:25,067 [PID 34036] WARNING  Found untracked type `type` when checking for attribute `minimum_size` of `venv.lib64.python3.10.site-packages.pip._vendor.rich.layout.Layout`.
2026-04-14 16:18:25,067 [PID 34036] WARNING  Found untracked type `type` when checking for attribute `minimum_size` of `venv.lib64.python3.10.site-packages.pip._vendor.rich.layout.Layout`.
2026-04-14 16:18:25,068 [PID 34036] WARNING  Found untracked type `type` when checking for attribute `minimum_size` of `venv.lib64.python3.10.site-packages.pip._vendor.rich.layout.Layout`.
2026-04-14 16:18:25,068 [PID 34036] WARNING  Found untracked type `type` when checking for attribute `ratio` of `venv.lib64.python3.10.site-packages.pip._vendor.rich.layout.Layout`.
2026-04-14 16:18:25,068 [PID 34036] WARNING  Found untracked type `type` when checking for attribute `ratio` of `venv.lib64.python3.10.site-packages.pip._vendor.rich.layout.Layout`.
2026-04-14 16:18:25,068 [PID 34036] WARNING  Found untracked type `type` when checking for attribute `ratio` of `venv.lib64.python3.10.site-packages.pip._vendor.rich.layout.Layout`.
2026-04-14 16:18:25,068 [PID 34036] WARNING  Found untracked type `type` when checking for attribute `name` of `venv.lib64.python3.10.site-packages.pip._vendor.rich.layout.Layout`.
2026-04-14 16:18:25,078 [PID 34036] WARNING  Found untracked type `type` when checking for attribute `name` of `venv.lib64.python3.10.site-packages.pip._vendor.rich.layout.Layout`.
2026-04-14 16:18:25,079 [PID 34036] WARNING  Found untracked type `type` when checking for attribute `name` of `venv.lib64.python3.10.site-packages.pip._vendor.rich.layout.Layout`.
2026-04-14 16:18:25,079 [PID 34036] WARNING  Found untracked type `type` when checking for attribute `visible` of `venv.lib64.python3.10.site-packages.pip._vendor.rich.layout.Layout`.
2026-04-14 16:18:25,079 [PID 34036] WARNING  Found untracked type `type` when checking for attribute `visible` of `venv.lib64.python3.10.site-packages.pip._vendor.rich.layout.Layout`.
2026-04-14 16:18:25,079 [PID 34036] WARNING  Found untracked type `type` when checking for attribute `visible` of `venv.lib64.python3.10.site-packages.pip._vendor.rich.layout.Layout`.
2026-04-14 16:18:25,080 [PID 34036] WARNING  Found untracked type `type` when checking for attribute `height` of `venv.lib64.python3.10.site-packages.pip._vendor.rich.layout.Layout`.
2026-04-14 16:18:25,090 [PID 34036] WARNING  Found untracked type `type` when checking for attribute `height` of `venv.lib64.python3.10.site-packages.pip._vendor.rich.layout.Layout`.
2026-04-14 16:18:25,090 [PID 34036] WARNING  Found untracked type `type` when checking for attribute `height` of `venv.lib64.python3.10.site-packages.pip._vendor.rich.layout.Layout`.
2026-04-14 16:18:25,091 [PID 34036] WARNING  Found untracked type `type` when checking for attribute `splitters` of `venv.lib64.python3.10.site-packages.pip._vendor.rich.layout.Layout`.
2026-04-14 16:18:25,091 [PID 34036] WARNING  Found untracked type `type` when checking for attribute `splitters` of `venv.lib64.python3.10.site-packages.pip._vendor.rich.layout.Layout`.
2026-04-14 16:18:25,091 [PID 34036] WARNING  Found untracked type `type` when checking for attribute `splitter` of `venv.lib64.python3.10.site-packages.pip._vendor.rich.layout.Layout`.
2026-04-14 16:18:25,091 [PID 34036] WARNING  Found untracked type `type` when checking for attribute `splitter` of `venv.lib64.python3.10.site-packages.pip._vendor.rich.layout.Layout`.
2026-04-14 16:18:25,091 [PID 34036] WARNING  Found untracked type `type` when checking for attribute `splitter` of `venv.lib64.python3.10.site-packages.pip._vendor.rich.layout.Layout`.
2026-04-14 16:18:25,101 [PID 34036] WARNING  Found untracked type `type` when checking for attribute `_children` of `venv.lib64.python3.10.site-packages.pip._vendor.rich.layout.Layout`.
2026-04-14 16:18:25,102 [PID 34036] WARNING  Found untracked type `type` when checking for attribute `_children` of `venv.lib64.python3.10.site-packages.pip._vendor.rich.layout.Layout`.
2026-04-14 16:18:25,102 [PID 34036] WARNING  Found untracked type `type` when checking for attribute `_children` of `venv.lib64.python3.10.site-packages.pip._vendor.rich.layout.Layout`.
2026-04-14 16:18:25,102 [PID 34036] WARNING  Found untracked type `type` when checking for attribute `_render_map` of `venv.lib64.python3.10.site-packages.pip._vendor.rich.layout.Layout`.
2026-04-14 16:18:25,102 [PID 34036] WARNING  Found untracked type `type` when checking for attribute `_render_map` of `venv.lib64.python3.10.site-packages.pip._vendor.rich.layout.Layout`.
2026-04-14 16:18:25,102 [PID 34036] WARNING  Found untracked type `type` when checking for attribute `_render_map` of `venv.lib64.python3.10.site-packages.pip._vendor.rich.layout.Layout`.
2026-04-14 16:18:25,102 [PID 34036] WARNING  Found untracked type `type` when checking for attribute `_lock` of `venv.lib64.python3.10.site-packages.pip._vendor.rich.layout.Layout`.
2026-04-14 16:18:25,113 [PID 34036] WARNING  Found untracked type `type` when checking for attribute `_lock` of `venv.lib64.python3.10.site-packages.pip._vendor.rich.layout.Layout`.
2026-04-14 16:18:25,113 [PID 34036] WARNING  Found untracked type `type` when checking for attribute `_lock` of `venv.lib64.python3.10.site-packages.pip._vendor.rich.layout.Layout`.
2026-04-14 16:18:25,113 [PID 34036] WARNING  Found untracked type `type` when checking for attribute `__init__` of `venv.lib64.python3.10.site-packages.pip._vendor.rich.layout.Layout`.
2026-04-14 16:18:25,113 [PID 34036] WARNING  Found untracked type `type` when checking for attribute `_lock` of `venv.lib64.python3.10.site-packages.pip._vendor.rich.layout.Layout`.
2026-04-14 16:18:25,113 [PID 34036] WARNING  Found untracked type `type` when checking for attribute `render` of `venv.lib64.python3.10.site-packages.pip._vendor.rich.layout.Layout`.
2026-04-14 16:18:25,114 [PID 34036] WARNING  Found untracked type `type` when checking for attribute `_render_map` of `venv.lib64.python3.10.site-packages.pip._vendor.rich.layout.Layout`.
2026-04-14 16:18:25,124 [PID 34036] WARNING  Found untracked type `type` when checking for attribute `_render_map` of `venv.lib64.python3.10.site-packages.pip._vendor.rich.layout.Layout`.
2026-04-14 16:18:25,124 [PID 34036] WARNING  Found untracked type `type` when checking for attribute `_render_map` of `venv.lib64.python3.10.site-packages.pip._vendor.rich.layout.Layout`.
2026-04-14 16:18:25,124 [PID 34036] WARNING  Found untracked type `type` when checking for attribute `__rich_console__` of `venv.lib64.python3.10.site-packages.pip._vendor.rich.layout.Layout`.
2026-04-14 16:18:25,124 [PID 34036] WARNING  Found untracked type `type` when checking for attribute `name` of `venv.lib64.python3.10.site-packages.pip._vendor.rich.layout.Layout`.
2026-04-14 16:18:25,135 [PID 34036] WARNING  Found untracked type `type` when checking for attribute `size` of `venv.lib64.python3.10.site-packages.pip._vendor.rich.layout.Layout`.
2026-04-14 16:18:25,135 [PID 34036] WARNING  Found untracked type `type` when checking for attribute `minimum_size` of `venv.lib64.python3.10.site-packages.pip._vendor.rich.layout.Layout`.
2026-04-14 16:18:25,135 [PID 34036] WARNING  Found untracked type `type` when checking for attribute `ratio` of `venv.lib64.python3.10.site-packages.pip._vendor.rich.layout.Layout`.
2026-04-14 16:18:25,136 [PID 34036] WARNING  Found untracked type `type` when checking for attribute `__rich_repr__` of `venv.lib64.python3.10.site-packages.pip._vendor.rich.layout.Layout`.
2026-04-14 16:18:25,146 [PID 34036] WARNING  Found untracked type `type` when checking for attribute `_make_region_map` of `venv.lib64.python3.10.site-packages.pip._vendor.rich.layout.Layout`.
2026-04-14 16:18:25,146 [PID 34036] WARNING  Found untracked type `type` when checking for attribute `_children` of `venv.lib64.python3.10.site-packages.pip._vendor.rich.layout.Layout`.
2026-04-14 16:18:25,146 [PID 34036] WARNING  Found untracked type `type` when checking for attribute `add_split` of `venv.lib64.python3.10.site-packages.pip._vendor.rich.layout.Layout`.
2026-04-14 16:18:25,147 [PID 34036] WARNING  Found untracked type `type` when checking for attribute `_children` of `venv.lib64.python3.10.site-packages.pip._vendor.rich.layout.Layout`.
2026-04-14 16:18:25,147 [PID 34036] WARNING  Found untracked type `type` when checking for attribute `children` of `venv.lib64.python3.10.site-packages.pip._vendor.rich.layout.Layout`.
2026-04-14 16:18:25,157 [PID 34036] WARNING  Found untracked type `type` when checking for attribute `name` of `venv.lib64.python3.10.site-packages.pip._vendor.rich.layout.Layout`.
2026-04-14 16:18:25,157 [PID 34036] WARNING  Found untracked type `type` when checking for attribute `_children` of `venv.lib64.python3.10.site-packages.pip._vendor.rich.layout.Layout`.
2026-04-14 16:18:25,157 [PID 34036] WARNING  Found untracked type `type` when checking for attribute `name` of `venv.lib64.python3.10.site-packages.pip._vendor.rich.layout.Layout`.
2026-04-14 16:18:25,157 [PID 34036] WARNING  Found untracked type `type` when checking for attribute `name` of `venv.lib64.python3.10.site-packages.pip._vendor.rich.layout.Layout`.
2026-04-14 16:18:25,158 [PID 34036] WARNING  Found untracked type `type` when checking for attribute `get` of `venv.lib64.python3.10.site-packages.pip._vendor.rich.layout.Layout`.
2026-04-14 16:18:25,168 [PID 34036] WARNING  Found untracked type `type` when checking for attribute `_render_map` of `venv.lib64.python3.10.site-packages.pip._vendor.rich.layout.Layout`.
2026-04-14 16:18:25,168 [PID 34036] WARNING  Found untracked type `type` when checking for attribute `map` of `venv.lib64.python3.10.site-packages.pip._vendor.rich.layout.Layout`.
2026-04-14 16:18:25,168 [PID 34036] WARNING  Found untracked type `type` when checking for attribute `_lock` of `venv.lib64.python3.10.site-packages.pip._vendor.rich.layout.Layout`.
2026-04-14 16:18:25,179 [PID 34036] WARNING  Found untracked type `type` when checking for attribute `__getitem__` of `venv.lib64.python3.10.site-packages.pip._vendor.rich.layout.Layout`.
2026-04-14 16:18:25,179 [PID 34036] WARNING  Found untracked type `type` when checking for attribute `_render_map` of `venv.lib64.python3.10.site-packages.pip._vendor.rich.layout.Layout`.
2026-04-14 16:18:25,179 [PID 34036] WARNING  Found untracked type `type` when checking for attribute `_render_map` of `venv.lib64.python3.10.site-packages.pip._vendor.rich.layout.Layout`.
2026-04-14 16:18:25,190 [PID 34036] WARNING  Found untracked type `type` when checking for attribute `_render_map` of `venv.lib64.python3.10.site-packages.pip._vendor.rich.layout.Layout`.
2026-04-14 16:18:25,190 [PID 34036] WARNING  Found untracked type `type` when checking for attribute `refresh_screen` of `venv.lib64.python3.10.site-packages.pip._vendor.rich.layout.Layout`.
2026-04-14 16:18:25,190 [PID 34036] WARNING  Found untracked type `type` when checking for attribute `_make_region_map` of `venv.lib64.python3.10.site-packages.pip._vendor.rich.layout.Layout`.
2026-04-14 16:18:25,200 [PID 34036] WARNING  Found untracked type `type` when checking for attribute `render` of `venv.lib64.python3.10.site-packages.pip._vendor.rich.layout.Layout`.
2026-04-14 16:18:25,201 [PID 34036] WARNING  Found untracked type `type` when checking for attribute `_children` of `venv.lib64.python3.10.site-packages.pip._vendor.rich.layout.Layout`.
2026-04-14 16:18:25,201 [PID 34036] WARNING  Found untracked type `type` when checking for attribute `_children` of `venv.lib64.python3.10.site-packages.pip._vendor.rich.layout.Layout`.
2026-04-14 16:18:25,201 [PID 34036] WARNING  Found untracked type `type` when checking for attribute `_children` of `venv.lib64.python3.10.site-packages.pip._vendor.rich.layout.Layout`.
2026-04-14 16:18:25,201 [PID 34036] WARNING  Found untracked type `type` when checking for attribute `_renderable` of `venv.lib64.python3.10.site-packages.pip._vendor.rich.layout.Layout`.
2026-04-14 16:18:25,211 [PID 34036] WARNING  Found untracked type `type` when checking for attribute `renderable` of `venv.lib64.python3.10.site-packages.pip._vendor.rich.layout.Layout`.
2026-04-14 16:18:25,212 [PID 34036] WARNING  Found untracked type `type` when checking for attribute `splitters` of `venv.lib64.python3.10.site-packages.pip._vendor.rich.layout.Layout`.
2026-04-14 16:18:25,212 [PID 34036] WARNING  Found untracked type `type` when checking for attribute `splitters` of `venv.lib64.python3.10.site-packages.pip._vendor.rich.layout.Layout`.
2026-04-14 16:18:25,212 [PID 34036] WARNING  Found untracked type `type` when checking for attribute `splitter` of `venv.lib64.python3.10.site-packages.pip._vendor.rich.layout.Layout`.
2026-04-14 16:18:25,212 [PID 34036] WARNING  Found untracked type `type` when checking for attribute `splitter` of `venv.lib64.python3.10.site-packages.pip._vendor.rich.layout.Layout`.
2026-04-14 16:18:25,212 [PID 34036] WARNING  Found untracked type `type` when checking for attribute `splitter` of `venv.lib64.python3.10.site-packages.pip._vendor.rich.layout.Layout`.
2026-04-14 16:18:25,222 [PID 34036] WARNING  Found untracked type `type` when checking for attribute `_children` of `venv.lib64.python3.10.site-packages.pip._vendor.rich.layout.Layout`.
2026-04-14 16:18:25,223 [PID 34036] WARNING  Found untracked type `type` when checking for attribute `split` of `venv.lib64.python3.10.site-packages.pip._vendor.rich.layout.Layout`.
2026-04-14 16:18:25,223 [PID 34036] WARNING  Found untracked type `type` when checking for attribute `split` of `venv.lib64.python3.10.site-packages.pip._vendor.rich.layout.Layout`.
2026-04-14 16:18:25,223 [PID 34036] WARNING  Found untracked type `type` when checking for attribute `split_column` of `venv.lib64.python3.10.site-packages.pip._vendor.rich.layout.Layout`.
2026-04-14 16:18:25,223 [PID 34036] WARNING  Found untracked type `type` when checking for attribute `split` of `venv.lib64.python3.10.site-packages.pip._vendor.rich.layout.Layout`.
2026-04-14 16:18:25,233 [PID 34036] WARNING  Found untracked type `type` when checking for attribute `split_row` of `venv.lib64.python3.10.site-packages.pip._vendor.rich.layout.Layout`.
2026-04-14 16:18:25,234 [PID 34036] WARNING  Found untracked type `type` when checking for attribute `splitter` of `venv.lib64.python3.10.site-packages.pip._vendor.rich.layout.Layout`.
2026-04-14 16:18:25,234 [PID 34036] WARNING  Found untracked type `type` when checking for attribute `tree` of `venv.lib64.python3.10.site-packages.pip._vendor.rich.layout.Layout`.
2026-04-14 16:18:25,234 [PID 34036] WARNING  Found untracked type `type` when checking for attribute `_children` of `venv.lib64.python3.10.site-packages.pip._vendor.rich.layout.Layout`.
2026-04-14 16:18:25,244 [PID 34036] WARNING  Found untracked type `type` when checking for attribute `splitter` of `venv.lib64.python3.10.site-packages.pip._vendor.rich.layout.Layout`.
2026-04-14 16:18:25,244 [PID 34036] WARNING  Found untracked type `type` when checking for attribute `visible` of `venv.lib64.python3.10.site-packages.pip._vendor.rich.layout.Layout`.
2026-04-14 16:18:25,245 [PID 34036] WARNING  Found untracked type `type` when checking for attribute `visible` of `venv.lib64.python3.10.site-packages.pip._vendor.rich.layout.Layout`.
2026-04-14 16:18:25,245 [PID 34036] WARNING  Found untracked type `type` when checking for attribute `visible` of `venv.lib64.python3.10.site-packages.pip._vendor.rich.layout.Layout`.
2026-04-14 16:18:25,255 [PID 34036] WARNING  Found untracked type `type` when checking for attribute `_children` of `venv.lib64.python3.10.site-packages.pip._vendor.rich.layout.Layout`.
2026-04-14 16:18:25,255 [PID 34036] WARNING  Found untracked type `type` when checking for attribute `_children` of `venv.lib64.python3.10.site-packages.pip._vendor.rich.layout.Layout`.
2026-04-14 16:18:25,255 [PID 34036] WARNING  Found untracked type `type` when checking for attribute `_children` of `venv.lib64.python3.10.site-packages.pip._vendor.rich.layout.Layout`.
2026-04-14 16:18:25,255 [PID 34036] WARNING  Found untracked type `type` when checking for attribute `unsplit` of `venv.lib64.python3.10.site-packages.pip._vendor.rich.layout.Layout`.
2026-04-14 16:18:25,255 [PID 34036] WARNING  Found untracked type `type` when checking for attribute `_lock` of `venv.lib64.python3.10.site-packages.pip._vendor.rich.layout.Layout`.
2026-04-14 16:18:25,255 [PID 34036] WARNING  Found untracked type `type` when checking for attribute `_renderable` of `venv.lib64.python3.10.site-packages.pip._vendor.rich.layout.Layout`.
2026-04-14 16:18:25,266 [PID 34036] WARNING  Found untracked type `type` when checking for attribute `_renderable` of `venv.lib64.python3.10.site-packages.pip._vendor.rich.layout.Layout`.
2026-04-14 16:18:25,266 [PID 34036] WARNING  Found untracked type `type` when checking for attribute `_renderable` of `venv.lib64.python3.10.site-packages.pip._vendor.rich.layout.Layout`.
2026-04-14 16:18:25,266 [PID 34036] WARNING  Found untracked type `type` when checking for attribute `update` of `venv.lib64.python3.10.site-packages.pip._vendor.rich.layout.Layout`.
2026-04-14 16:18:25,287 [PID 34036] WARNING  Found untracked type `type` when checking for attribute `name` of `venv.lib64.python3.10.site-packages.pip._vendor.rich.layout.Layout`.
2026-04-14 16:18:25,287 [PID 34036] WARNING  Found untracked type `type` when checking for attribute `name` of `venv.lib64.python3.10.site-packages.pip._vendor.rich.layout.Layout`.
2026-04-14 16:18:25,298 [PID 34036] WARNING  Found untracked type `type` when checking for attribute `name` of `venv.lib64.python3.10.site-packages.pip._vendor.rich.layout.Layout`.
2026-04-14 16:18:25,298 [PID 34036] WARNING  Found untracked type `type` when checking for attribute `name` of `venv.lib64.python3.10.site-packages.pip._vendor.rich.layout.Layout`.
2026-04-14 16:18:26,162 [PID 34036] WARNING  Found untracked type `type` when checking for attribute `proxy_url` of `venv.lib64.python3.10.site-packages.pip._vendor.urllib3.contrib.socks.SOCKSProxyManager`.
2026-04-14 16:18:26,162 [PID 34036] WARNING  Found untracked type `type` when checking for attribute `proxy_url` of `venv.lib64.python3.10.site-packages.pip._vendor.urllib3.contrib.socks.SOCKSProxyManager`.
2026-04-14 16:18:26,163 [PID 34036] WARNING  Found untracked type `type` when checking for attribute `proxy_url` of `venv.lib64.python3.10.site-packages.pip._vendor.urllib3.contrib.socks.SOCKSProxyManager`.
2026-04-14 16:18:28,314 [PID 34036] WARNING  Found untracked type `type` when checking for attribute `args` of `venv.lib.python3.10.site-packages.testslide.cli.Cli`.
2026-04-14 16:18:28,315 [PID 34036] WARNING  Found untracked type `type` when checking for attribute `args` of `venv.lib.python3.10.site-packages.testslide.cli.Cli`.
2026-04-14 16:18:28,315 [PID 34036] WARNING  Found untracked type `type` when checking for attribute `args` of `venv.lib.python3.10.site-packages.testslide.cli.Cli`.
2026-04-14 16:18:28,315 [PID 34036] WARNING  Found untracked type `type` when checking for attribute `_default_trim_path_prefix` of `venv.lib.python3.10.site-packages.testslide.cli.Cli`.
2026-04-14 16:18:28,315 [PID 34036] WARNING  Found untracked type `type` when checking for attribute `_default_trim_path_prefix` of `venv.lib.python3.10.site-packages.testslide.cli.Cli`.
2026-04-14 16:18:28,315 [PID 34036] WARNING  Found untracked type `type` when checking for attribute `_default_trim_path_prefix` of `venv.lib.python3.10.site-packages.testslide.cli.Cli`.
2026-04-14 16:18:28,315 [PID 34036] WARNING  Found untracked type `type` when checking for attribute `_build_parser` of `venv.lib.python3.10.site-packages.testslide.cli.Cli`.
2026-04-14 16:18:28,315 [PID 34036] WARNING  Found untracked type `type` when checking for attribute `parser` of `venv.lib.python3.10.site-packages.testslide.cli.Cli`.
2026-04-14 16:18:28,316 [PID 34036] WARNING  Found untracked type `type` when checking for attribute `parser` of `venv.lib.python3.10.site-packages.testslide.cli.Cli`.
2026-04-14 16:18:28,316 [PID 34036] WARNING  Found untracked type `type` when checking for attribute `parser` of `venv.lib.python3.10.site-packages.testslide.cli.Cli`.
2026-04-14 16:18:28,316 [PID 34036] WARNING  Found untracked type `type` when checking for attribute `_modules` of `venv.lib.python3.10.site-packages.testslide.cli.Cli`.
2026-04-14 16:18:28,316 [PID 34036] WARNING  Found untracked type `type` when checking for attribute `_modules` of `venv.lib.python3.10.site-packages.testslide.cli.Cli`.
2026-04-14 16:18:28,316 [PID 34036] WARNING  Found untracked type `type` when checking for attribute `_modules` of `venv.lib.python3.10.site-packages.testslide.cli.Cli`.
2026-04-14 16:18:28,316 [PID 34036] WARNING  Found untracked type `type` when checking for attribute `__init__` of `venv.lib.python3.10.site-packages.testslide.cli.Cli`.
2026-04-14 16:18:28,316 [PID 34036] WARNING  Found untracked type `type` when checking for attribute `FORMAT_NAME_TO_FORMATTER_CLASS` of `venv.lib.python3.10.site-packages.testslide.cli.Cli`.
2026-04-14 16:18:28,316 [PID 34036] WARNING  Found untracked type `type` when checking for attribute `_regex_type` of `venv.lib.python3.10.site-packages.testslide.cli.Cli`.
2026-04-14 16:18:28,316 [PID 34036] WARNING  Found untracked type `type` when checking for attribute `_regex_type` of `venv.lib.python3.10.site-packages.testslide.cli.Cli`.
2026-04-14 16:18:28,317 [PID 34036] WARNING  Found untracked type `type` when checking for attribute `_default_trim_path_prefix` of `venv.lib.python3.10.site-packages.testslide.cli.Cli`.
2026-04-14 16:18:28,327 [PID 34036] WARNING  Found untracked type `type` when checking for attribute `_default_trim_path_prefix` of `venv.lib.python3.10.site-packages.testslide.cli.Cli`.
2026-04-14 16:18:28,328 [PID 34036] WARNING  Found untracked type `type` when checking for attribute `_build_parser` of `venv.lib.python3.10.site-packages.testslide.cli.Cli`.
2026-04-14 16:18:28,328 [PID 34036] WARNING  Found untracked type `type` when checking for attribute `_do_imports` of `venv.lib.python3.10.site-packages.testslide.cli.Cli`.
2026-04-14 16:18:28,328 [PID 34036] WARNING  Found untracked type `type` when checking for attribute `_modules` of `venv.lib.python3.10.site-packages.testslide.cli.Cli`.
2026-04-14 16:18:28,328 [PID 34036] WARNING  Found untracked type `type` when checking for attribute `_modules` of `venv.lib.python3.10.site-packages.testslide.cli.Cli`.
2026-04-14 16:18:28,328 [PID 34036] WARNING  Found untracked type `type` when checking for attribute `_modules` of `venv.lib.python3.10.site-packages.testslide.cli.Cli`.
2026-04-14 16:18:28,328 [PID 34036] WARNING  Found untracked type `type` when checking for attribute `_modules` of `venv.lib.python3.10.site-packages.testslide.cli.Cli`.
2026-04-14 16:18:28,328 [PID 34036] WARNING  Found untracked type `type` when checking for attribute `_get_config_from_parsed_args` of `venv.lib.python3.10.site-packages.testslide.cli.Cli`.
2026-04-14 16:18:28,328 [PID 34036] WARNING  Found untracked type `type` when checking for attribute `_do_imports` of `venv.lib.python3.10.site-packages.testslide.cli.Cli`.
2026-04-14 16:18:28,329 [PID 34036] WARNING  Found untracked type `type` when checking for attribute `_load_all_examples` of `venv.lib.python3.10.site-packages.testslide.cli.Cli`.
2026-04-14 16:18:28,329 [PID 34036] WARNING  Found untracked type `type` when checking for attribute `_regex_type` of `venv.lib.python3.10.site-packages.testslide.cli.Cli`.
2026-04-14 16:18:28,329 [PID 34036] WARNING  Found untracked type `type` when checking for attribute `parser` of `venv.lib.python3.10.site-packages.testslide.cli.Cli`.
2026-04-14 16:18:28,329 [PID 34036] WARNING  Found untracked type `type` when checking for attribute `args` of `venv.lib.python3.10.site-packages.testslide.cli.Cli`.
2026-04-14 16:18:28,329 [PID 34036] WARNING  Found untracked type `type` when checking for attribute `_get_config_from_parsed_args` of `venv.lib.python3.10.site-packages.testslide.cli.Cli`.
2026-04-14 16:18:28,329 [PID 34036] WARNING  Found untracked type `type` when checking for attribute `_load_all_examples` of `venv.lib.python3.10.site-packages.testslide.cli.Cli`.
2026-04-14 16:18:28,329 [PID 34036] WARNING  Found untracked type `type` when checking for attribute `FORMAT_NAME_TO_FORMATTER_CLASS` of `venv.lib.python3.10.site-packages.testslide.cli.Cli`.
2026-04-14 16:18:28,329 [PID 34036] WARNING  Found untracked type `type` when checking for attribute `FORMAT_NAME_TO_FORMATTER_CLASS` of `venv.lib.python3.10.site-packages.testslide.cli.Cli`.
2026-04-14 16:18:28,329 [PID 34036] WARNING  Found untracked type `type` when checking for attribute `_do_imports` of `venv.lib.python3.10.site-packages.testslide.cli.Cli`.
2026-04-14 16:18:28,329 [PID 34036] WARNING  Found untracked type `type` when checking for attribute `run` of `venv.lib.python3.10.site-packages.testslide.cli.Cli`.
2026-04-14 16:18:29,142 [PID 34036] WARNING  Found untracked type `type` when checking for attribute `_registry` of `venv.lib.python3.10.site-packages.django.db.migrations.serializer.Serializer`.
2026-04-14 16:18:29,142 [PID 34036] WARNING  Found untracked type `type` when checking for attribute `register` of `venv.lib.python3.10.site-packages.django.db.migrations.serializer.Serializer`.
2026-04-14 16:18:29,143 [PID 34036] WARNING  Found untracked type `type` when checking for attribute `_registry` of `venv.lib.python3.10.site-packages.django.db.migrations.serializer.Serializer`.
2026-04-14 16:18:29,143 [PID 34036] WARNING  Found untracked type `type` when checking for attribute `unregister` of `venv.lib.python3.10.site-packages.django.db.migrations.serializer.Serializer`.
2026-04-14 16:18:29,163 [PID 34036] WARNING  Found untracked type `type` when checking for attribute `_registry` of `venv.lib.python3.10.site-packages.django.db.migrations.serializer.Serializer`.
2026-04-14 16:18:38,842 [PID 34036] WARNING  Found untracked type `list` when checking for attribute `perms_map` of `venv.lib.python3.10.site-packages.rest_framework.permissions.DjangoModelPermissions`.
2026-04-14 16:18:38,843 [PID 34036] WARNING  Found untracked type `list` when checking for attribute `perms_map` of `venv.lib.python3.10.site-packages.rest_framework.permissions.DjangoModelPermissions`.
2026-04-14 16:18:38,843 [PID 34036] WARNING  Found untracked type `list` when checking for attribute `perms_map` of `venv.lib.python3.10.site-packages.rest_framework.permissions.DjangoModelPermissions`.
2026-04-14 16:18:38,843 [PID 34036] WARNING  Found untracked type `list` when checking for attribute `authenticated_users_only` of `venv.lib.python3.10.site-packages.rest_framework.permissions.DjangoModelPermissions`.
2026-04-14 16:18:38,843 [PID 34036] WARNING  Found untracked type `list` when checking for attribute `authenticated_users_only` of `venv.lib.python3.10.site-packages.rest_framework.permissions.DjangoModelPermissions`.
2026-04-14 16:18:38,843 [PID 34036] WARNING  Found untracked type `list` when checking for attribute `authenticated_users_only` of `venv.lib.python3.10.site-packages.rest_framework.permissions.DjangoModelPermissions`.
2026-04-14 16:18:38,844 [PID 34036] WARNING  Found untracked type `list` when checking for attribute `__class__` of `venv.lib.python3.10.site-packages.rest_framework.permissions.DjangoModelPermissions`.
2026-04-14 16:18:38,844 [PID 34036] WARNING  Found untracked type `list` when checking for attribute `_queryset` of `venv.lib.python3.10.site-packages.rest_framework.permissions.DjangoModelPermissions`.
2026-04-14 16:18:38,844 [PID 34036] WARNING  Found untracked type `list` when checking for attribute `perms_map` of `venv.lib.python3.10.site-packages.rest_framework.permissions.DjangoModelPermissions`.
2026-04-14 16:18:38,844 [PID 34036] WARNING  Found untracked type `list` when checking for attribute `perms_map` of `venv.lib.python3.10.site-packages.rest_framework.permissions.DjangoModelPermissions`.
2026-04-14 16:18:38,844 [PID 34036] WARNING  Found untracked type `list` when checking for attribute `perms_map` of `venv.lib.python3.10.site-packages.rest_framework.permissions.DjangoModelPermissions`.
2026-04-14 16:18:38,844 [PID 34036] WARNING  Found untracked type `list` when checking for attribute `perms_map` of `venv.lib.python3.10.site-packages.rest_framework.permissions.DjangoModelPermissions`.
2026-04-14 16:18:38,844 [PID 34036] WARNING  Found untracked type `list` when checking for attribute `perms_map` of `venv.lib.python3.10.site-packages.rest_framework.permissions.DjangoModelPermissions`.
2026-04-14 16:18:38,845 [PID 34036] WARNING  Found untracked type `list` when checking for attribute `get_required_permissions` of `venv.lib.python3.10.site-packages.rest_framework.permissions.DjangoModelPermissions`.
2026-04-14 16:18:38,845 [PID 34036] WARNING  Found untracked type `list` when checking for attribute `has_permission` of `venv.lib.python3.10.site-packages.rest_framework.permissions.DjangoModelPermissions`.
2026-04-14 16:18:38,845 [PID 34036] WARNING  Found untracked type `list` when checking for attribute `authenticated_users_only` of `venv.lib.python3.10.site-packages.rest_framework.permissions.DjangoModelPermissions`.
2026-04-14 16:18:38,845 [PID 34036] WARNING  Found untracked type `list` when checking for attribute `authenticated_users_only` of `venv.lib.python3.10.site-packages.rest_framework.permissions.DjangoModelPermissions`.
2026-04-14 16:18:38,845 [PID 34036] WARNING  Found untracked type `list` when checking for attribute `_queryset` of `venv.lib.python3.10.site-packages.rest_framework.permissions.DjangoModelPermissions`.
2026-04-14 16:18:38,845 [PID 34036] WARNING  Found untracked type `list` when checking for attribute `get_required_permissions` of `venv.lib.python3.10.site-packages.rest_framework.permissions.DjangoModelPermissions`.
2026-04-14 16:18:38,845 [PID 34036] WARNING  Found untracked type `list` when checking for attribute `authenticated_users_only` of `venv.lib.python3.10.site-packages.rest_framework.permissions.DjangoModelPermissions`.
2026-04-14 16:18:38,846 [PID 34036] WARNING  Found untracked type `list` when checking for attribute `authenticated_users_only` of `venv.lib.python3.10.site-packages.rest_framework.permissions.DjangoModelPermissions`.
2026-04-14 16:18:38,846 [PID 34036] WARNING  Found untracked type `list` when checking for attribute `has_permission` of `venv.lib.python3.10.site-packages.rest_framework.permissions.DjangoModelPermissions`.
2026-04-14 16:18:38,846 [PID 34036] WARNING  Found untracked type `list` when checking for attribute `$class_toplevel` of `venv.lib.python3.10.site-packages.rest_framework.permissions.DjangoModelPermissions`.
2026-04-14 16:18:38,846 [PID 34036] WARNING  Found untracked type `list` when checking for attribute `__init_subclass__` of `venv.lib.python3.10.site-packages.rest_framework.permissions.DjangoModelPermissions`.
2026-04-14 16:18:38,846 [PID 34036] WARNING  Found untracked type `list` when checking for attribute `$class_toplevel` of `venv.lib.python3.10.site-packages.rest_framework.permissions.DjangoModelPermissions`.
2026-04-14 16:18:38,846 [PID 34036] WARNING  Found untracked type `list` when checking for attribute `__getattr__` of `venv.lib.python3.10.site-packages.rest_framework.permissions.DjangoModelPermissionsOrAnonReadOnly`.
2026-04-14 16:18:38,846 [PID 34036] WARNING  Found untracked type `list` when checking for attribute `$class_toplevel` of `venv.lib.python3.10.site-packages.rest_framework.permissions.DjangoModelPermissions`.
2026-04-14 16:18:38,846 [PID 34036] WARNING  Found untracked type `list` when checking for attribute `__init_subclass__` of `venv.lib.python3.10.site-packages.rest_framework.permissions.DjangoModelPermissions`.
2026-04-14 16:18:38,846 [PID 34036] WARNING  Found untracked type `list` when checking for attribute `$class_toplevel` of `venv.lib.python3.10.site-packages.rest_framework.permissions.DjangoModelPermissions`.
2026-04-14 16:18:38,846 [PID 34036] WARNING  Found untracked type `list` when checking for attribute `perms_map` of `venv.lib.python3.10.site-packages.rest_framework.permissions.DjangoObjectPermissions`.
2026-04-14 16:18:38,846 [PID 34036] WARNING  Found untracked type `list` when checking for attribute `perms_map` of `venv.lib.python3.10.site-packages.rest_framework.permissions.DjangoObjectPermissions`.
2026-04-14 16:18:38,846 [PID 34036] WARNING  Found untracked type `list` when checking for attribute `perms_map` of `venv.lib.python3.10.site-packages.rest_framework.permissions.DjangoObjectPermissions`.
2026-04-14 16:18:38,846 [PID 34036] WARNING  Found untracked type `list` when checking for attribute `get_required_object_permissions` of `venv.lib.python3.10.site-packages.rest_framework.permissions.DjangoModelPermissions`.
2026-04-14 16:18:38,846 [PID 34036] WARNING  Found untracked type `list` when checking for attribute `__init_subclass__` of `venv.lib.python3.10.site-packages.rest_framework.permissions.DjangoModelPermissions`.
2026-04-14 16:18:38,846 [PID 34036] WARNING  Found untracked type `list` when checking for attribute `get_required_object_permissions` of `venv.lib.python3.10.site-packages.rest_framework.permissions.DjangoModelPermissions`.
2026-04-14 16:18:38,847 [PID 34036] WARNING  Found untracked type `list` when checking for attribute `perms_map` of `venv.lib.python3.10.site-packages.rest_framework.permissions.DjangoObjectPermissions`.
2026-04-14 16:18:38,847 [PID 34036] WARNING  Found untracked type `list` when checking for attribute `perms_map` of `venv.lib.python3.10.site-packages.rest_framework.permissions.DjangoObjectPermissions`.
2026-04-14 16:18:38,847 [PID 34036] WARNING  Found untracked type `list` when checking for attribute `perms_map` of `venv.lib.python3.10.site-packages.rest_framework.permissions.DjangoObjectPermissions`.
2026-04-14 16:18:38,847 [PID 34036] WARNING  Found untracked type `list` when checking for attribute `perms_map` of `venv.lib.python3.10.site-packages.rest_framework.permissions.DjangoObjectPermissions`.
2026-04-14 16:18:38,847 [PID 34036] WARNING  Found untracked type `list` when checking for attribute `perms_map` of `venv.lib.python3.10.site-packages.rest_framework.permissions.DjangoObjectPermissions`.
2026-04-14 16:18:38,847 [PID 34036] WARNING  Found untracked type `list` when checking for attribute `get_required_object_permissions` of `venv.lib.python3.10.site-packages.rest_framework.permissions.DjangoObjectPermissions`.
2026-04-14 16:18:38,847 [PID 34036] WARNING  Found untracked type `list` when checking for attribute `has_object_permission` of `venv.lib.python3.10.site-packages.rest_framework.permissions.DjangoModelPermissions`.
2026-04-14 16:18:38,847 [PID 34036] WARNING  Found untracked type `list` when checking for attribute `__init_subclass__` of `venv.lib.python3.10.site-packages.rest_framework.permissions.DjangoModelPermissions`.
2026-04-14 16:18:38,847 [PID 34036] WARNING  Found untracked type `list` when checking for attribute `has_object_permission` of `venv.lib.python3.10.site-packages.rest_framework.permissions.DjangoModelPermissions`.
2026-04-14 16:18:38,847 [PID 34036] WARNING  Found untracked type `list` when checking for attribute `has_object_permission` of `venv.lib.python3.10.site-packages.rest_framework.permissions.DjangoObjectPermissions`.
2026-04-14 16:18:38,847 [PID 34036] WARNING  Found untracked type `list` when checking for attribute `_queryset` of `venv.lib.python3.10.site-packages.rest_framework.permissions.DjangoObjectPermissions`.
2026-04-14 16:18:38,857 [PID 34036] WARNING  Found untracked type `list` when checking for attribute `get_required_object_permissions` of `venv.lib.python3.10.site-packages.rest_framework.permissions.DjangoObjectPermissions`.
2026-04-14 16:18:38,858 [PID 34036] WARNING  Found untracked type `list` when checking for attribute `get_required_object_permissions` of `venv.lib.python3.10.site-packages.rest_framework.permissions.DjangoObjectPermissions`.
2026-04-14 16:18:38,858 [PID 34036] WARNING  Found untracked type `list` when checking for attribute `has_object_permission` of `venv.lib.python3.10.site-packages.rest_framework.permissions.DjangoObjectPermissions`.
2026-04-14 16:18:42,091 [PID 34036] WARNING  Found untracked type `type` when checking for attribute `proxy_url` of `venv.lib.python3.10.site-packages.urllib3.contrib.socks.SOCKSProxyManager`.
2026-04-14 16:18:42,092 [PID 34036] WARNING  Found untracked type `type` when checking for attribute `proxy_url` of `venv.lib.python3.10.site-packages.urllib3.contrib.socks.SOCKSProxyManager`.
2026-04-14 16:18:42,092 [PID 34036] WARNING  Found untracked type `type` when checking for attribute `proxy_url` of `venv.lib.python3.10.site-packages.urllib3.contrib.socks.SOCKSProxyManager`.
2026-04-14 16:18:49,604 [PID 34036] WARNING  Found untracked type `list` when checking for attribute `perms_map` of `venv.lib64.python3.10.site-packages.rest_framework.permissions.DjangoModelPermissions`.
2026-04-14 16:18:49,604 [PID 34036] WARNING  Found untracked type `list` when checking for attribute `perms_map` of `venv.lib64.python3.10.site-packages.rest_framework.permissions.DjangoModelPermissions`.
2026-04-14 16:18:49,613 [PID 34036] WARNING  Found untracked type `list` when checking for attribute `perms_map` of `venv.lib64.python3.10.site-packages.rest_framework.permissions.DjangoModelPermissions`.
2026-04-14 16:18:49,613 [PID 34036] WARNING  Found untracked type `list` when checking for attribute `authenticated_users_only` of `venv.lib64.python3.10.site-packages.rest_framework.permissions.DjangoModelPermissions`.
2026-04-14 16:18:49,614 [PID 34036] WARNING  Found untracked type `list` when checking for attribute `authenticated_users_only` of `venv.lib64.python3.10.site-packages.rest_framework.permissions.DjangoModelPermissions`.
2026-04-14 16:18:49,614 [PID 34036] WARNING  Found untracked type `list` when checking for attribute `authenticated_users_only` of `venv.lib64.python3.10.site-packages.rest_framework.permissions.DjangoModelPermissions`.
2026-04-14 16:18:49,614 [PID 34036] WARNING  Found untracked type `list` when checking for attribute `__class__` of `venv.lib64.python3.10.site-packages.rest_framework.permissions.DjangoModelPermissions`.
2026-04-14 16:18:49,614 [PID 34036] WARNING  Found untracked type `list` when checking for attribute `_queryset` of `venv.lib64.python3.10.site-packages.rest_framework.permissions.DjangoModelPermissions`.
2026-04-14 16:18:49,614 [PID 34036] WARNING  Found untracked type `list` when checking for attribute `perms_map` of `venv.lib64.python3.10.site-packages.rest_framework.permissions.DjangoModelPermissions`.
2026-04-14 16:18:49,614 [PID 34036] WARNING  Found untracked type `list` when checking for attribute `perms_map` of `venv.lib64.python3.10.site-packages.rest_framework.permissions.DjangoModelPermissions`.
2026-04-14 16:18:49,614 [PID 34036] WARNING  Found untracked type `list` when checking for attribute `perms_map` of `venv.lib64.python3.10.site-packages.rest_framework.permissions.DjangoModelPermissions`.
2026-04-14 16:18:49,615 [PID 34036] WARNING  Found untracked type `list` when checking for attribute `perms_map` of `venv.lib64.python3.10.site-packages.rest_framework.permissions.DjangoModelPermissions`.
2026-04-14 16:18:49,615 [PID 34036] WARNING  Found untracked type `list` when checking for attribute `perms_map` of `venv.lib64.python3.10.site-packages.rest_framework.permissions.DjangoModelPermissions`.
2026-04-14 16:18:49,615 [PID 34036] WARNING  Found untracked type `list` when checking for attribute `get_required_permissions` of `venv.lib64.python3.10.site-packages.rest_framework.permissions.DjangoModelPermissions`.
2026-04-14 16:18:49,615 [PID 34036] WARNING  Found untracked type `list` when checking for attribute `has_permission` of `venv.lib64.python3.10.site-packages.rest_framework.permissions.DjangoModelPermissions`.
2026-04-14 16:18:49,615 [PID 34036] WARNING  Found untracked type `list` when checking for attribute `authenticated_users_only` of `venv.lib64.python3.10.site-packages.rest_framework.permissions.DjangoModelPermissions`.
2026-04-14 16:18:49,615 [PID 34036] WARNING  Found untracked type `list` when checking for attribute `authenticated_users_only` of `venv.lib64.python3.10.site-packages.rest_framework.permissions.DjangoModelPermissions`.
2026-04-14 16:18:49,615 [PID 34036] WARNING  Found untracked type `list` when checking for attribute `_queryset` of `venv.lib64.python3.10.site-packages.rest_framework.permissions.DjangoModelPermissions`.
2026-04-14 16:18:49,615 [PID 34036] WARNING  Found untracked type `list` when checking for attribute `get_required_permissions` of `venv.lib64.python3.10.site-packages.rest_framework.permissions.DjangoModelPermissions`.
2026-04-14 16:18:49,615 [PID 34036] WARNING  Found untracked type `list` when checking for attribute `authenticated_users_only` of `venv.lib64.python3.10.site-packages.rest_framework.permissions.DjangoModelPermissions`.
2026-04-14 16:18:49,616 [PID 34036] WARNING  Found untracked type `list` when checking for attribute `authenticated_users_only` of `venv.lib64.python3.10.site-packages.rest_framework.permissions.DjangoModelPermissions`.
2026-04-14 16:18:49,616 [PID 34036] WARNING  Found untracked type `list` when checking for attribute `has_permission` of `venv.lib64.python3.10.site-packages.rest_framework.permissions.DjangoModelPermissions`.
2026-04-14 16:18:49,616 [PID 34036] WARNING  Found untracked type `list` when checking for attribute `$class_toplevel` of `venv.lib64.python3.10.site-packages.rest_framework.permissions.DjangoModelPermissions`.
2026-04-14 16:18:49,616 [PID 34036] WARNING  Found untracked type `list` when checking for attribute `__init_subclass__` of `venv.lib64.python3.10.site-packages.rest_framework.permissions.DjangoModelPermissions`.
2026-04-14 16:18:49,616 [PID 34036] WARNING  Found untracked type `list` when checking for attribute `$class_toplevel` of `venv.lib64.python3.10.site-packages.rest_framework.permissions.DjangoModelPermissions`.
2026-04-14 16:18:49,616 [PID 34036] WARNING  Found untracked type `list` when checking for attribute `__getattr__` of `venv.lib64.python3.10.site-packages.rest_framework.permissions.DjangoModelPermissionsOrAnonReadOnly`.
2026-04-14 16:18:49,616 [PID 34036] WARNING  Found untracked type `list` when checking for attribute `$class_toplevel` of `venv.lib64.python3.10.site-packages.rest_framework.permissions.DjangoModelPermissions`.
2026-04-14 16:18:49,616 [PID 34036] WARNING  Found untracked type `list` when checking for attribute `__init_subclass__` of `venv.lib64.python3.10.site-packages.rest_framework.permissions.DjangoModelPermissions`.
2026-04-14 16:18:49,616 [PID 34036] WARNING  Found untracked type `list` when checking for attribute `$class_toplevel` of `venv.lib64.python3.10.site-packages.rest_framework.permissions.DjangoModelPermissions`.
2026-04-14 16:18:49,617 [PID 34036] WARNING  Found untracked type `list` when checking for attribute `perms_map` of `venv.lib64.python3.10.site-packages.rest_framework.permissions.DjangoObjectPermissions`.
2026-04-14 16:18:49,617 [PID 34036] WARNING  Found untracked type `list` when checking for attribute `perms_map` of `venv.lib64.python3.10.site-packages.rest_framework.permissions.DjangoObjectPermissions`.
2026-04-14 16:18:49,617 [PID 34036] WARNING  Found untracked type `list` when checking for attribute `perms_map` of `venv.lib64.python3.10.site-packages.rest_framework.permissions.DjangoObjectPermissions`.
2026-04-14 16:18:49,617 [PID 34036] WARNING  Found untracked type `list` when checking for attribute `get_required_object_permissions` of `venv.lib64.python3.10.site-packages.rest_framework.permissions.DjangoModelPermissions`.
2026-04-14 16:18:49,617 [PID 34036] WARNING  Found untracked type `list` when checking for attribute `__init_subclass__` of `venv.lib64.python3.10.site-packages.rest_framework.permissions.DjangoModelPermissions`.
2026-04-14 16:18:49,617 [PID 34036] WARNING  Found untracked type `list` when checking for attribute `get_required_object_permissions` of `venv.lib64.python3.10.site-packages.rest_framework.permissions.DjangoModelPermissions`.
2026-04-14 16:18:49,617 [PID 34036] WARNING  Found untracked type `list` when checking for attribute `perms_map` of `venv.lib64.python3.10.site-packages.rest_framework.permissions.DjangoObjectPermissions`.
2026-04-14 16:18:49,617 [PID 34036] WARNING  Found untracked type `list` when checking for attribute `perms_map` of `venv.lib64.python3.10.site-packages.rest_framework.permissions.DjangoObjectPermissions`.
2026-04-14 16:18:49,617 [PID 34036] WARNING  Found untracked type `list` when checking for attribute `perms_map` of `venv.lib64.python3.10.site-packages.rest_framework.permissions.DjangoObjectPermissions`.
2026-04-14 16:18:49,618 [PID 34036] WARNING  Found untracked type `list` when checking for attribute `perms_map` of `venv.lib64.python3.10.site-packages.rest_framework.permissions.DjangoObjectPermissions`.
2026-04-14 16:18:49,618 [PID 34036] WARNING  Found untracked type `list` when checking for attribute `perms_map` of `venv.lib64.python3.10.site-packages.rest_framework.permissions.DjangoObjectPermissions`.
2026-04-14 16:18:49,618 [PID 34036] WARNING  Found untracked type `list` when checking for attribute `get_required_object_permissions` of `venv.lib64.python3.10.site-packages.rest_framework.permissions.DjangoObjectPermissions`.
2026-04-14 16:18:49,618 [PID 34036] WARNING  Found untracked type `list` when checking for attribute `has_object_permission` of `venv.lib64.python3.10.site-packages.rest_framework.permissions.DjangoModelPermissions`.
2026-04-14 16:18:49,618 [PID 34036] WARNING  Found untracked type `list` when checking for attribute `__init_subclass__` of `venv.lib64.python3.10.site-packages.rest_framework.permissions.DjangoModelPermissions`.
2026-04-14 16:18:49,618 [PID 34036] WARNING  Found untracked type `list` when checking for attribute `has_object_permission` of `venv.lib64.python3.10.site-packages.rest_framework.permissions.DjangoModelPermissions`.
2026-04-14 16:18:49,618 [PID 34036] WARNING  Found untracked type `list` when checking for attribute `has_object_permission` of `venv.lib64.python3.10.site-packages.rest_framework.permissions.DjangoObjectPermissions`.
2026-04-14 16:18:49,618 [PID 34036] WARNING  Found untracked type `list` when checking for attribute `_queryset` of `venv.lib64.python3.10.site-packages.rest_framework.permissions.DjangoObjectPermissions`.
2026-04-14 16:18:49,618 [PID 34036] WARNING  Found untracked type `list` when checking for attribute `get_required_object_permissions` of `venv.lib64.python3.10.site-packages.rest_framework.permissions.DjangoObjectPermissions`.
2026-04-14 16:18:49,619 [PID 34036] WARNING  Found untracked type `list` when checking for attribute `get_required_object_permissions` of `venv.lib64.python3.10.site-packages.rest_framework.permissions.DjangoObjectPermissions`.
2026-04-14 16:18:49,619 [PID 34036] WARNING  Found untracked type `list` when checking for attribute `has_object_permission` of `venv.lib64.python3.10.site-packages.rest_framework.permissions.DjangoObjectPermissions`.
2026-04-14 16:18:53,194 [PID 34036] WARNING  Found untracked type `dict` when checking for attribute `$class_toplevel` of `venv.lib64.python3.10.site-packages.cloudinary.CloudinaryResource`.
2026-04-14 16:18:53,195 [PID 34036] WARNING  Found untracked type `dict` when checking for attribute `__init_subclass__` of `venv.lib64.python3.10.site-packages.cloudinary.CloudinaryResource`.
2026-04-14 16:18:53,195 [PID 34036] WARNING  Found untracked type `dict` when checking for attribute `$class_toplevel` of `venv.lib64.python3.10.site-packages.cloudinary.CloudinaryResource`.
2026-04-14 16:18:53,195 [PID 34036] WARNING  Found untracked type `dict` when checking for attribute `__init__` of `venv.lib64.python3.10.site-packages.cloudinary.CloudinaryResource`.
2026-04-14 16:18:53,195 [PID 34036] WARNING  Found untracked type `dict` when checking for attribute `__init_subclass__` of `venv.lib64.python3.10.site-packages.cloudinary.CloudinaryResource`.
2026-04-14 16:18:53,195 [PID 34036] WARNING  Found untracked type `dict` when checking for attribute `__init__` of `venv.lib64.python3.10.site-packages.cloudinary.CloudinaryResource`.
2026-04-14 16:18:53,195 [PID 34036] WARNING  Found untracked type `dict` when checking for attribute `format` of `venv.lib64.python3.10.site-packages.cloudinary.CloudinaryResource`.
2026-04-14 16:18:53,195 [PID 34036] WARNING  Found untracked type `dict` when checking for attribute `version` of `venv.lib64.python3.10.site-packages.cloudinary.CloudinaryResource`.
2026-04-14 16:18:53,195 [PID 34036] WARNING  Found untracked type `dict` when checking for attribute `type` of `venv.lib64.python3.10.site-packages.cloudinary.CloudinaryResource`.
2026-04-14 16:18:53,195 [PID 34036] WARNING  Found untracked type `dict` when checking for attribute `resource_type` of `venv.lib64.python3.10.site-packages.cloudinary.CloudinaryResource`.
2026-04-14 16:18:53,195 [PID 34036] WARNING  Found untracked type `dict` when checking for attribute `resource_type` of `venv.lib64.python3.10.site-packages.cloudinary.CloudinaryResource`.
2026-04-14 16:18:53,195 [PID 34036] WARNING  Found untracked type `dict` when checking for attribute `public_id` of `venv.lib64.python3.10.site-packages.cloudinary.CloudinaryResource`.
2026-04-14 16:18:53,195 [PID 34036] WARNING  Found untracked type `dict` when checking for attribute `_CloudinaryResource__build_url` of `venv.lib64.python3.10.site-packages.cloudinary.CloudinaryResource`.
2026-04-14 16:18:53,195 [PID 34036] WARNING  Found untracked type `dict` when checking for attribute `_CloudinaryResource__generate_media_attr` of `venv.lib64.python3.10.site-packages.cloudinary.CloudinaryResource`.
2026-04-14 16:18:53,195 [PID 34036] WARNING  Found untracked type `dict` when checking for attribute `metadata` of `venv.lib64.python3.10.site-packages.cloudinary.CloudinaryResource`.
2026-04-14 16:18:53,195 [PID 34036] WARNING  Found untracked type `dict` when checking for attribute `metadata` of `venv.lib64.python3.10.site-packages.cloudinary.CloudinaryResource`.
2026-04-14 16:18:53,195 [PID 34036] WARNING  Found untracked type `dict` when checking for attribute `metadata` of `venv.lib64.python3.10.site-packages.cloudinary.CloudinaryResource`.
2026-04-14 16:18:53,195 [PID 34036] WARNING  Found untracked type `dict` when checking for attribute `public_id` of `venv.lib64.python3.10.site-packages.cloudinary.CloudinaryResource`.
2026-04-14 16:18:53,196 [PID 34036] WARNING  Found untracked type `dict` when checking for attribute `public_id` of `venv.lib64.python3.10.site-packages.cloudinary.CloudinaryResource`.
2026-04-14 16:18:53,196 [PID 34036] WARNING  Found untracked type `dict` when checking for attribute `public_id` of `venv.lib64.python3.10.site-packages.cloudinary.CloudinaryResource`.
2026-04-14 16:18:53,196 [PID 34036] WARNING  Found untracked type `dict` when checking for attribute `format` of `venv.lib64.python3.10.site-packages.cloudinary.CloudinaryResource`.
2026-04-14 16:18:53,196 [PID 34036] WARNING  Found untracked type `dict` when checking for attribute `format` of `venv.lib64.python3.10.site-packages.cloudinary.CloudinaryResource`.
2026-04-14 16:18:53,196 [PID 34036] WARNING  Found untracked type `dict` when checking for attribute `format` of `venv.lib64.python3.10.site-packages.cloudinary.CloudinaryResource`.
2026-04-14 16:18:53,196 [PID 34036] WARNING  Found untracked type `dict` when checking for attribute `version` of `venv.lib64.python3.10.site-packages.cloudinary.CloudinaryResource`.
2026-04-14 16:18:53,196 [PID 34036] WARNING  Found untracked type `dict` when checking for attribute `version` of `venv.lib64.python3.10.site-packages.cloudinary.CloudinaryResource`.
2026-04-14 16:18:53,196 [PID 34036] WARNING  Found untracked type `dict` when checking for attribute `version` of `venv.lib64.python3.10.site-packages.cloudinary.CloudinaryResource`.
2026-04-14 16:18:53,206 [PID 34036] WARNING  Found untracked type `dict` when checking for attribute `signature` of `venv.lib64.python3.10.site-packages.cloudinary.CloudinaryResource`.
2026-04-14 16:18:53,207 [PID 34036] WARNING  Found untracked type `dict` when checking for attribute `signature` of `venv.lib64.python3.10.site-packages.cloudinary.CloudinaryResource`.
2026-04-14 16:18:53,207 [PID 34036] WARNING  Found untracked type `dict` when checking for attribute `signature` of `venv.lib64.python3.10.site-packages.cloudinary.CloudinaryResource`.
2026-04-14 16:18:53,207 [PID 34036] WARNING  Found untracked type `dict` when checking for attribute `type` of `venv.lib64.python3.10.site-packages.cloudinary.CloudinaryResource`.
2026-04-14 16:18:53,207 [PID 34036] WARNING  Found untracked type `dict` when checking for attribute `type` of `venv.lib64.python3.10.site-packages.cloudinary.CloudinaryResource`.
2026-04-14 16:18:53,207 [PID 34036] WARNING  Found untracked type `dict` when checking for attribute `type` of `venv.lib64.python3.10.site-packages.cloudinary.CloudinaryResource`.
2026-04-14 16:18:53,207 [PID 34036] WARNING  Found untracked type `dict` when checking for attribute `resource_type` of `venv.lib64.python3.10.site-packages.cloudinary.CloudinaryResource`.
2026-04-14 16:18:53,207 [PID 34036] WARNING  Found untracked type `dict` when checking for attribute `resource_type` of `venv.lib64.python3.10.site-packages.cloudinary.CloudinaryResource`.
2026-04-14 16:18:53,207 [PID 34036] WARNING  Found untracked type `dict` when checking for attribute `resource_type` of `venv.lib64.python3.10.site-packages.cloudinary.CloudinaryResource`.
2026-04-14 16:18:53,207 [PID 34036] WARNING  Found untracked type `dict` when checking for attribute `url_options` of `venv.lib64.python3.10.site-packages.cloudinary.CloudinaryResource`.
2026-04-14 16:18:53,207 [PID 34036] WARNING  Found untracked type `dict` when checking for attribute `url_options` of `venv.lib64.python3.10.site-packages.cloudinary.CloudinaryResource`.
2026-04-14 16:18:53,207 [PID 34036] WARNING  Found untracked type `dict` when checking for attribute `url_options` of `venv.lib64.python3.10.site-packages.cloudinary.CloudinaryResource`.
2026-04-14 16:18:53,207 [PID 34036] WARNING  Found untracked type `dict` when checking for attribute `__init__` of `venv.lib64.python3.10.site-packages.cloudinary.CloudinaryResource`.
2026-04-14 16:18:53,208 [PID 34036] WARNING  Found untracked type `dict` when checking for attribute `public_id` of `venv.lib64.python3.10.site-packages.cloudinary.CloudinaryResource`.
2026-04-14 16:18:53,208 [PID 34036] WARNING  Found untracked type `dict` when checking for attribute `public_id` of `venv.lib64.python3.10.site-packages.cloudinary.CloudinaryResource`.
2026-04-14 16:18:53,208 [PID 34036] WARNING  Found untracked type `dict` when checking for attribute `public_id` of `venv.lib64.python3.10.site-packages.cloudinary.CloudinaryResource`.
2026-04-14 16:18:53,208 [PID 34036] WARNING  Found untracked type `dict` when checking for attribute `public_id` of `venv.lib64.python3.10.site-packages.cloudinary.CloudinaryResource`.
2026-04-14 16:18:53,208 [PID 34036] WARNING  Found untracked type `dict` when checking for attribute `__len__` of `venv.lib64.python3.10.site-packages.cloudinary.CloudinaryResource`.
2026-04-14 16:18:53,208 [PID 34036] WARNING  Found untracked type `dict` when checking for attribute `public_id` of `venv.lib64.python3.10.site-packages.cloudinary.CloudinaryResource`.
2026-04-14 16:18:53,208 [PID 34036] WARNING  Found untracked type `dict` when checking for attribute `__str__` of `venv.lib64.python3.10.site-packages.cloudinary.CloudinaryResource`.
2026-04-14 16:18:53,208 [PID 34036] WARNING  Found untracked type `dict` when checking for attribute `_collect_video_tag_attributes` of `venv.lib64.python3.10.site-packages.cloudinary.CloudinaryResource`.
2026-04-14 16:18:53,208 [PID 34036] WARNING  Found untracked type `dict` when checking for attribute `public_id` of `venv.lib64.python3.10.site-packages.cloudinary.CloudinaryResource`.
2026-04-14 16:18:53,208 [PID 34036] WARNING  Found untracked type `dict` when checking for attribute `_fetch_breakpoints` of `venv.lib64.python3.10.site-packages.cloudinary.CloudinaryResource`.
2026-04-14 16:18:53,208 [PID 34036] WARNING  Found untracked type `dict` when checking for attribute `_validate_srcset_data` of `venv.lib64.python3.10.site-packages.cloudinary.CloudinaryResource`.
2026-04-14 16:18:53,208 [PID 34036] WARNING  Found untracked type `dict` when checking for attribute `_validate_srcset_data` of `venv.lib64.python3.10.site-packages.cloudinary.CloudinaryResource`.
2026-04-14 16:18:53,219 [PID 34036] WARNING  Found untracked type `dict` when checking for attribute `_validate_srcset_data` of `venv.lib64.python3.10.site-packages.cloudinary.CloudinaryResource`.
2026-04-14 16:18:53,219 [PID 34036] WARNING  Found untracked type `dict` when checking for attribute `_validate_srcset_data` of `venv.lib64.python3.10.site-packages.cloudinary.CloudinaryResource`.
2026-04-14 16:18:53,219 [PID 34036] WARNING  Found untracked type `dict` when checking for attribute `_generate_breakpoints` of `venv.lib64.python3.10.site-packages.cloudinary.CloudinaryResource`.
2026-04-14 16:18:53,219 [PID 34036] WARNING  Found untracked type `dict` when checking for attribute `_get_or_generate_breakpoints` of `venv.lib64.python3.10.site-packages.cloudinary.CloudinaryResource`.
2026-04-14 16:18:53,219 [PID 34036] WARNING  Found untracked type `dict` when checking for attribute `_generate_srcset_attribute` of `venv.lib64.python3.10.site-packages.cloudinary.CloudinaryResource`.
2026-04-14 16:18:53,219 [PID 34036] WARNING  Found untracked type `dict` when checking for attribute `_get_or_generate_breakpoints` of `venv.lib64.python3.10.site-packages.cloudinary.CloudinaryResource`.
2026-04-14 16:18:53,219 [PID 34036] WARNING  Found untracked type `dict` when checking for attribute `_generate_sizes_attribute` of `venv.lib64.python3.10.site-packages.cloudinary.CloudinaryResource`.
2026-04-14 16:18:53,220 [PID 34036] WARNING  Found untracked type `dict` when checking for attribute `_generate_image_responsive_attributes` of `venv.lib64.python3.10.site-packages.cloudinary.CloudinaryResource`.
2026-04-14 16:18:53,220 [PID 34036] WARNING  Found untracked type `dict` when checking for attribute `_generate_sizes_attribute` of `venv.lib64.python3.10.site-packages.cloudinary.CloudinaryResource`.
2026-04-14 16:18:53,220 [PID 34036] WARNING  Found untracked type `dict` when checking for attribute `public_id` of `venv.lib64.python3.10.site-packages.cloudinary.CloudinaryResource`.
2026-04-14 16:18:53,220 [PID 34036] WARNING  Found untracked type `dict` when checking for attribute `_generate_srcset_attribute` of `venv.lib64.python3.10.site-packages.cloudinary.CloudinaryResource`.
2026-04-14 16:18:53,220 [PID 34036] WARNING  Found untracked type `dict` when checking for attribute `video_thumbnail` of `venv.lib64.python3.10.site-packages.cloudinary.CloudinaryResource`.
2026-04-14 16:18:53,220 [PID 34036] WARNING  Found untracked type `dict` when checking for attribute `video_thumbnail` of `venv.lib64.python3.10.site-packages.cloudinary.CloudinaryResource`.
2026-04-14 16:18:53,220 [PID 34036] WARNING  Found untracked type `dict` when checking for attribute `_generate_video_poster_attr` of `venv.lib64.python3.10.site-packages.cloudinary.CloudinaryResource`.
2026-04-14 16:18:53,220 [PID 34036] WARNING  Found untracked type `dict` when checking for attribute `public_id` of `venv.lib64.python3.10.site-packages.cloudinary.CloudinaryResource`.
2026-04-14 16:18:53,220 [PID 34036] WARNING  Found untracked type `dict` when checking for attribute `_fetch_breakpoints` of `venv.lib64.python3.10.site-packages.cloudinary.CloudinaryResource`.
2026-04-14 16:18:53,230 [PID 34036] WARNING  Found untracked type `dict` when checking for attribute `public_id` of `venv.lib64.python3.10.site-packages.cloudinary.CloudinaryResource`.
2026-04-14 16:18:53,231 [PID 34036] WARNING  Found untracked type `dict` when checking for attribute `_generate_breakpoints` of `venv.lib64.python3.10.site-packages.cloudinary.CloudinaryResource`.
2026-04-14 16:18:53,231 [PID 34036] WARNING  Found untracked type `dict` when checking for attribute `_get_or_generate_breakpoints` of `venv.lib64.python3.10.site-packages.cloudinary.CloudinaryResource`.
2026-04-14 16:18:53,231 [PID 34036] WARNING  Found untracked type `dict` when checking for attribute `default_source_types` of `venv.lib64.python3.10.site-packages.cloudinary.CloudinaryResource`.
2026-04-14 16:18:53,231 [PID 34036] WARNING  Found untracked type `dict` when checking for attribute `_video_mime_type` of `venv.lib64.python3.10.site-packages.cloudinary.CloudinaryResource`.
2026-04-14 16:18:53,231 [PID 34036] WARNING  Found untracked type `dict` when checking for attribute `_video_mime_type` of `venv.lib64.python3.10.site-packages.cloudinary.CloudinaryResource`.
2026-04-14 16:18:53,231 [PID 34036] WARNING  Found untracked type `dict` when checking for attribute `_populate_video_source_tags` of `venv.lib64.python3.10.site-packages.cloudinary.CloudinaryResource`.
2026-04-14 16:18:53,231 [PID 34036] WARNING  Found untracked type `dict` when checking for attribute `_validate_srcset_data` of `venv.lib64.python3.10.site-packages.cloudinary.CloudinaryResource`.
2026-04-14 16:18:53,231 [PID 34036] WARNING  Found untracked type `dict` when checking for attribute `_video_mime_type` of `venv.lib64.python3.10.site-packages.cloudinary.CloudinaryResource`.
2026-04-14 16:18:53,231 [PID 34036] WARNING  Found untracked type `dict` when checking for attribute `_CloudinaryResource__build_url` of `venv.lib64.python3.10.site-packages.cloudinary.CloudinaryResource`.
2026-04-14 16:18:53,232 [PID 34036] WARNING  Found untracked type `dict` when checking for attribute `_CloudinaryResource__build_url` of `venv.lib64.python3.10.site-packages.cloudinary.CloudinaryResource`.
2026-04-14 16:18:53,232 [PID 34036] WARNING  Found untracked type `dict` when checking for attribute `build_url` of `venv.lib64.python3.10.site-packages.cloudinary.CloudinaryResource`.
2026-04-14 16:18:53,232 [PID 34036] WARNING  Found untracked type `dict` when checking for attribute `default_poster_options` of `venv.lib64.python3.10.site-packages.cloudinary.CloudinaryResource`.
2026-04-14 16:18:53,242 [PID 34036] WARNING  Found untracked type `dict` when checking for attribute `default_source_types` of `venv.lib64.python3.10.site-packages.cloudinary.CloudinaryResource`.
2026-04-14 16:18:53,242 [PID 34036] WARNING  Found untracked type `dict` when checking for attribute `public_id` of `venv.lib64.python3.10.site-packages.cloudinary.CloudinaryResource`.
2026-04-14 16:18:53,242 [PID 34036] WARNING  Found untracked type `dict` when checking for attribute `version` of `venv.lib64.python3.10.site-packages.cloudinary.CloudinaryResource`.
2026-04-14 16:18:53,243 [PID 34036] WARNING  Found untracked type `dict` when checking for attribute `get_expected_signature` of `venv.lib64.python3.10.site-packages.cloudinary.CloudinaryResource`.
2026-04-14 16:18:53,243 [PID 34036] WARNING  Found untracked type `dict` when checking for attribute `public_id` of `venv.lib64.python3.10.site-packages.cloudinary.CloudinaryResource`.
2026-04-14 16:18:53,243 [PID 34036] WARNING  Found untracked type `dict` when checking for attribute `type` of `venv.lib64.python3.10.site-packages.cloudinary.CloudinaryResource`.
2026-04-14 16:18:53,243 [PID 34036] WARNING  Found untracked type `dict` when checking for attribute `resource_type` of `venv.lib64.python3.10.site-packages.cloudinary.CloudinaryResource`.
2026-04-14 16:18:53,243 [PID 34036] WARNING  Found untracked type `dict` when checking for attribute `public_id` of `venv.lib64.python3.10.site-packages.cloudinary.CloudinaryResource`.
2026-04-14 16:18:53,243 [PID 34036] WARNING  Found untracked type `dict` when checking for attribute `type` of `venv.lib64.python3.10.site-packages.cloudinary.CloudinaryResource`.
2026-04-14 16:18:53,243 [PID 34036] WARNING  Found untracked type `dict` when checking for attribute `resource_type` of `venv.lib64.python3.10.site-packages.cloudinary.CloudinaryResource`.
2026-04-14 16:18:53,243 [PID 34036] WARNING  Found untracked type `dict` when checking for attribute `public_id` of `venv.lib64.python3.10.site-packages.cloudinary.CloudinaryResource`.
2026-04-14 16:18:53,243 [PID 34036] WARNING  Found untracked type `dict` when checking for attribute `type` of `venv.lib64.python3.10.site-packages.cloudinary.CloudinaryResource`.
2026-04-14 16:18:53,243 [PID 34036] WARNING  Found untracked type `dict` when checking for attribute `resource_type` of `venv.lib64.python3.10.site-packages.cloudinary.CloudinaryResource`.
2026-04-14 16:18:53,243 [PID 34036] WARNING  Found untracked type `dict` when checking for attribute `resource_type` of `venv.lib64.python3.10.site-packages.cloudinary.CloudinaryResource`.
2026-04-14 16:18:53,243 [PID 34036] WARNING  Found untracked type `dict` when checking for attribute `type` of `venv.lib64.python3.10.site-packages.cloudinary.CloudinaryResource`.
2026-04-14 16:18:53,243 [PID 34036] WARNING  Found untracked type `dict` when checking for attribute `version` of `venv.lib64.python3.10.site-packages.cloudinary.CloudinaryResource`.
2026-04-14 16:18:53,244 [PID 34036] WARNING  Found untracked type `dict` when checking for attribute `version` of `venv.lib64.python3.10.site-packages.cloudinary.CloudinaryResource`.
2026-04-14 16:18:53,244 [PID 34036] WARNING  Found untracked type `dict` when checking for attribute `version` of `venv.lib64.python3.10.site-packages.cloudinary.CloudinaryResource`.
2026-04-14 16:18:53,244 [PID 34036] WARNING  Found untracked type `dict` when checking for attribute `version` of `venv.lib64.python3.10.site-packages.cloudinary.CloudinaryResource`.
2026-04-14 16:18:53,244 [PID 34036] WARNING  Found untracked type `dict` when checking for attribute `version` of `venv.lib64.python3.10.site-packages.cloudinary.CloudinaryResource`.
2026-04-14 16:18:53,244 [PID 34036] WARNING  Found untracked type `dict` when checking for attribute `version` of `venv.lib64.python3.10.site-packages.cloudinary.CloudinaryResource`.
2026-04-14 16:18:53,244 [PID 34036] WARNING  Found untracked type `dict` when checking for attribute `public_id` of `venv.lib64.python3.10.site-packages.cloudinary.CloudinaryResource`.
2026-04-14 16:18:53,244 [PID 34036] WARNING  Found untracked type `dict` when checking for attribute `format` of `venv.lib64.python3.10.site-packages.cloudinary.CloudinaryResource`.
2026-04-14 16:18:53,244 [PID 34036] WARNING  Found untracked type `dict` when checking for attribute `format` of `venv.lib64.python3.10.site-packages.cloudinary.CloudinaryResource`.
2026-04-14 16:18:53,244 [PID 34036] WARNING  Found untracked type `dict` when checking for attribute `format` of `venv.lib64.python3.10.site-packages.cloudinary.CloudinaryResource`.
2026-04-14 16:18:53,244 [PID 34036] WARNING  Found untracked type `dict` when checking for attribute `format` of `venv.lib64.python3.10.site-packages.cloudinary.CloudinaryResource`.
2026-04-14 16:18:53,244 [PID 34036] WARNING  Found untracked type `dict` when checking for attribute `format` of `venv.lib64.python3.10.site-packages.cloudinary.CloudinaryResource`.
2026-04-14 16:18:53,244 [PID 34036] WARNING  Found untracked type `dict` when checking for attribute `public_id` of `venv.lib64.python3.10.site-packages.cloudinary.CloudinaryResource`.
2026-04-14 16:18:53,244 [PID 34036] WARNING  Found untracked type `dict` when checking for attribute `type` of `venv.lib64.python3.10.site-packages.cloudinary.CloudinaryResource`.
2026-04-14 16:18:53,244 [PID 34036] WARNING  Found untracked type `dict` when checking for attribute `resource_type` of `venv.lib64.python3.10.site-packages.cloudinary.CloudinaryResource`.
2026-04-14 16:18:53,244 [PID 34036] WARNING  Found untracked type `dict` when checking for attribute `public_id` of `venv.lib64.python3.10.site-packages.cloudinary.CloudinaryResource`.
2026-04-14 16:18:53,245 [PID 34036] WARNING  Found untracked type `dict` when checking for attribute `type` of `venv.lib64.python3.10.site-packages.cloudinary.CloudinaryResource`.
2026-04-14 16:18:53,245 [PID 34036] WARNING  Found untracked type `dict` when checking for attribute `resource_type` of `venv.lib64.python3.10.site-packages.cloudinary.CloudinaryResource`.
2026-04-14 16:18:53,245 [PID 34036] WARNING  Found untracked type `dict` when checking for attribute `public_id` of `venv.lib64.python3.10.site-packages.cloudinary.CloudinaryResource`.
2026-04-14 16:18:53,245 [PID 34036] WARNING  Found untracked type `dict` when checking for attribute `type` of `venv.lib64.python3.10.site-packages.cloudinary.CloudinaryResource`.
2026-04-14 16:18:53,245 [PID 34036] WARNING  Found untracked type `dict` when checking for attribute `resource_type` of `venv.lib64.python3.10.site-packages.cloudinary.CloudinaryResource`.
2026-04-14 16:18:53,245 [PID 34036] WARNING  Found untracked type `dict` when checking for attribute `get_prep_value` of `venv.lib64.python3.10.site-packages.cloudinary.CloudinaryResource`.
2026-04-14 16:18:53,245 [PID 34036] WARNING  Found untracked type `dict` when checking for attribute `get_prep_value` of `venv.lib64.python3.10.site-packages.cloudinary.CloudinaryResource`.
2026-04-14 16:18:53,245 [PID 34036] WARNING  Found untracked type `dict` when checking for attribute `get_expected_signature` of `venv.lib64.python3.10.site-packages.cloudinary.CloudinaryResource`.
2026-04-14 16:18:53,245 [PID 34036] WARNING  Found untracked type `dict` when checking for attribute `get_presigned` of `venv.lib64.python3.10.site-packages.cloudinary.CloudinaryResource`.
2026-04-14 16:18:53,245 [PID 34036] WARNING  Found untracked type `dict` when checking for attribute `resource_type` of `venv.lib64.python3.10.site-packages.cloudinary.CloudinaryResource`.
2026-04-14 16:18:53,245 [PID 34036] WARNING  Found untracked type `dict` when checking for attribute `resource_type` of `venv.lib64.python3.10.site-packages.cloudinary.CloudinaryResource`.
2026-04-14 16:18:53,245 [PID 34036] WARNING  Found untracked type `dict` when checking for attribute `resource_type` of `venv.lib64.python3.10.site-packages.cloudinary.CloudinaryResource`.
2026-04-14 16:18:53,246 [PID 34036] WARNING  Found untracked type `dict` when checking for attribute `default_poster_options` of `venv.lib64.python3.10.site-packages.cloudinary.CloudinaryResource`.
2026-04-14 16:18:53,256 [PID 34036] WARNING  Found untracked type `dict` when checking for attribute `_CloudinaryResource__build_url` of `venv.lib64.python3.10.site-packages.cloudinary.CloudinaryResource`.
2026-04-14 16:18:53,266 [PID 34036] WARNING  Found untracked type `dict` when checking for attribute `_generate_image_responsive_attributes` of `venv.lib64.python3.10.site-packages.cloudinary.CloudinaryResource`.
2026-04-14 16:18:53,267 [PID 34036] WARNING  Found untracked type `dict` when checking for attribute `image` of `venv.lib64.python3.10.site-packages.cloudinary.CloudinaryResource`.
2026-04-14 16:18:53,267 [PID 34036] WARNING  Found untracked type `dict` when checking for attribute `source` of `venv.lib64.python3.10.site-packages.cloudinary.CloudinaryResource`.
2026-04-14 16:18:53,267 [PID 34036] WARNING  Found untracked type `dict` when checking for attribute `image` of `venv.lib64.python3.10.site-packages.cloudinary.CloudinaryResource`.
2026-04-14 16:18:53,267 [PID 34036] WARNING  Found untracked type `dict` when checking for attribute `picture` of `venv.lib64.python3.10.site-packages.cloudinary.CloudinaryResource`.
2026-04-14 16:18:53,267 [PID 34036] WARNING  Found untracked type `dict` when checking for attribute `_generate_image_responsive_attributes` of `venv.lib64.python3.10.site-packages.cloudinary.CloudinaryResource`.
2026-04-14 16:18:53,267 [PID 34036] WARNING  Found untracked type `dict` when checking for attribute `_CloudinaryResource__build_url` of `venv.lib64.python3.10.site-packages.cloudinary.CloudinaryResource`.
2026-04-14 16:18:53,268 [PID 34036] WARNING  Found untracked type `dict` when checking for attribute `_CloudinaryResource__generate_media_attr` of `venv.lib64.python3.10.site-packages.cloudinary.CloudinaryResource`.
2026-04-14 16:18:53,268 [PID 34036] WARNING  Found untracked type `dict` when checking for attribute `source` of `venv.lib64.python3.10.site-packages.cloudinary.CloudinaryResource`.
2026-04-14 16:18:53,268 [PID 34036] WARNING  Found untracked type `dict` when checking for attribute `build_url` of `venv.lib64.python3.10.site-packages.cloudinary.CloudinaryResource`.
2026-04-14 16:18:53,268 [PID 34036] WARNING  Found untracked type `dict` when checking for attribute `url_options` of `venv.lib64.python3.10.site-packages.cloudinary.CloudinaryResource`.
2026-04-14 16:18:53,268 [PID 34036] WARNING  Found untracked type `dict` when checking for attribute `url` of `venv.lib64.python3.10.site-packages.cloudinary.CloudinaryResource`.
2026-04-14 16:18:53,268 [PID 34036] WARNING  Found untracked type `dict` when checking for attribute `signature` of `venv.lib64.python3.10.site-packages.cloudinary.CloudinaryResource`.
2026-04-14 16:18:53,268 [PID 34036] WARNING  Found untracked type `dict` when checking for attribute `get_expected_signature` of `venv.lib64.python3.10.site-packages.cloudinary.CloudinaryResource`.
2026-04-14 16:18:53,268 [PID 34036] WARNING  Found untracked type `dict` when checking for attribute `validate` of `venv.lib64.python3.10.site-packages.cloudinary.CloudinaryResource`.
2026-04-14 16:18:53,269 [PID 34036] WARNING  Found untracked type `dict` when checking for attribute `public_id` of `venv.lib64.python3.10.site-packages.cloudinary.CloudinaryResource`.
2026-04-14 16:18:53,269 [PID 34036] WARNING  Found untracked type `dict` when checking for attribute `default_source_types` of `venv.lib64.python3.10.site-packages.cloudinary.CloudinaryResource`.
2026-04-14 16:18:53,269 [PID 34036] WARNING  Found untracked type `dict` when checking for attribute `_generate_video_poster_attr` of `venv.lib64.python3.10.site-packages.cloudinary.CloudinaryResource`.
2026-04-14 16:18:53,269 [PID 34036] WARNING  Found untracked type `dict` when checking for attribute `resource_type` of `venv.lib64.python3.10.site-packages.cloudinary.CloudinaryResource`.
2026-04-14 16:18:53,269 [PID 34036] WARNING  Found untracked type `dict` when checking for attribute `resource_type` of `venv.lib64.python3.10.site-packages.cloudinary.CloudinaryResource`.
2026-04-14 16:18:53,269 [PID 34036] WARNING  Found untracked type `dict` when checking for attribute `_populate_video_source_tags` of `venv.lib64.python3.10.site-packages.cloudinary.CloudinaryResource`.
2026-04-14 16:18:53,269 [PID 34036] WARNING  Found untracked type `dict` when checking for attribute `_collect_video_tag_attributes` of `venv.lib64.python3.10.site-packages.cloudinary.CloudinaryResource`.
2026-04-14 16:18:53,280 [PID 34036] WARNING  Found untracked type `dict` when checking for attribute `video` of `venv.lib64.python3.10.site-packages.cloudinary.CloudinaryResource`.
2026-04-14 16:18:53,280 [PID 34036] WARNING  Found untracked type `dict` when checking for attribute `default_poster_options` of `venv.lib64.python3.10.site-packages.cloudinary.CloudinaryResource`.
2026-04-14 16:18:53,280 [PID 34036] WARNING  Found untracked type `dict` when checking for attribute `build_url` of `venv.lib64.python3.10.site-packages.cloudinary.CloudinaryResource`.
2026-04-14 16:18:53,280 [PID 34036] WARNING  Found untracked type `dict` when checking for attribute `video_thumbnail` of `venv.lib64.python3.10.site-packages.cloudinary.CloudinaryResource`.
2026-04-14 16:18:53,281 [PID 34036] WARNING  Found untracked type `dict` when checking for attribute `$class_toplevel` of `venv.lib64.python3.10.site-packages.cloudinary.CloudinaryResource`.
2026-04-14 16:18:53,281 [PID 34036] WARNING  Found untracked type `dict` when checking for attribute `__init_subclass__` of `venv.lib64.python3.10.site-packages.cloudinary.CloudinaryResource`.
2026-04-14 16:18:53,281 [PID 34036] WARNING  Found untracked type `dict` when checking for attribute `$class_toplevel` of `venv.lib64.python3.10.site-packages.cloudinary.CloudinaryResource`.
2026-04-14 16:18:53,281 [PID 34036] WARNING  Found untracked type `dict` when checking for attribute `__init__` of `venv.lib64.python3.10.site-packages.cloudinary.CloudinaryResource`.
2026-04-14 16:18:53,281 [PID 34036] WARNING  Found untracked type `dict` when checking for attribute `__init_subclass__` of `venv.lib64.python3.10.site-packages.cloudinary.CloudinaryResource`.
2026-04-14 16:18:53,281 [PID 34036] WARNING  Found untracked type `dict` when checking for attribute `__init__` of `venv.lib64.python3.10.site-packages.cloudinary.CloudinaryResource`.
2026-04-14 16:19:02,615 [PID 34036] PERFORMANCE  Long type check of callable (cutoff time: 60, callable: venv.lib.python3.10.site-packages.packaging.metadata.parse_email)
2026-04-14 16:19:02,615 [PID 34036] INFO  The type check of venv.lib.python3.10.site-packages.packaging.metadata.parse_email is taking more than 60 seconds (pid = 34161)
2026-04-14 16:19:04,589 [PID 34036] PERFORMANCE  Long type check of callable (cutoff time: 60, callable: venv.lib.python3.10.site-packages.PIL.Jpeg2KImagePlugin._parse_jp2_header)
2026-04-14 16:19:04,589 [PID 34036] INFO  The type check of venv.lib.python3.10.site-packages.PIL.Jpeg2KImagePlugin._parse_jp2_header is taking more than 60 seconds (pid = 34164)
2026-04-14 16:19:05,717 [PID 34036] ERROR 
